date,product_id,predicted_units
2025-04-01,AcerSwift,22.13400520799379
2025-04-02,AcerSwift,22.13400520799379
2025-04-03,AcerSwift,22.13400520799379
2025-04-04,AcerSwift,22.315843832841413
2025-04-05,AcerSwift,22.315843832841413
2025-04-06,AcerSwift,22.315843832841413
2025-04-07,AcerSwift,22.315843832841413
2025-04-08,AcerSwift,22.315843832841413
2025-04-09,AcerSwift,22.315843832841413
2025-04-10,AcerSwift,22.315843832841413
2025-04-11,AcerSwift,22.315843832841413
2025-04-12,AcerSwift,22.315843832841413
2025-04-13,AcerSwift,22.315843832841413
2025-04-14,AcerSwift,22.315843832841413
2025-04-15,AcerSwift,22.315843832841413
2025-04-16,AcerSwift,22.315843832841413
2025-04-17,AcerSwift,22.315843832841413
2025-04-18,AcerSwift,22.315843832841413
2025-04-19,AcerSwift,22.315843832841413
2025-04-20,AcerSwift,22.315843832841413
2025-04-21,AcerSwift,22.315843832841413
2025-04-22,AcerSwift,22.315843832841413
2025-04-23,AcerSwift,22.315843832841413
2025-04-24,AcerSwift,22.315843832841413
2025-04-25,AcerSwift,22.315843832841413
2025-04-26,AcerSwift,22.858579531726306
2025-04-27,AcerSwift,22.858579531726306
2025-04-28,AcerSwift,22.858579531726306
2025-04-29,AcerSwift,22.858579531726306
2025-04-01,AirPodsPro3,51.62995711086374
2025-04-02,AirPodsPro3,51.62995711086374
2025-04-03,AirPodsPro3,51.62995711086374
2025-04-04,AirPodsPro3,52.03609501962916
2025-04-05,AirPodsPro3,52.03609501962916
2025-04-06,AirPodsPro3,52.03609501962916
2025-04-07,AirPodsPro3,52.03609501962916
2025-04-08,AirPodsPro3,52.03609501962916
2025-04-09,AirPodsPro3,52.03609501962916
2025-04-10,AirPodsPro3,52.03609501962916
2025-04-11,AirPodsPro3,52.03609501962916
2025-04-12,AirPodsPro3,52.03609501962916
2025-04-13,AirPodsPro3,52.03609501962916
2025-04-14,AirPodsPro3,52.03609501962916
2025-04-15,AirPodsPro3,52.03609501962916
2025-04-16,AirPodsPro3,52.03609501962916
2025-04-17,AirPodsPro3,52.03609501962916
2025-04-18,AirPodsPro3,52.03609501962916
2025-04-19,AirPodsPro3,52.03609501962916
2025-04-20,AirPodsPro3,52.03609501962916
2025-04-21,AirPodsPro3,52.03609501962916
2025-04-22,AirPodsPro3,52.03609501962916
2025-04-23,AirPodsPro3,52.03609501962916
2025-04-24,AirPodsPro3,52.03609501962916
2025-04-25,AirPodsPro3,52.03609501962916
2025-04-26,AirPodsPro3,52.03609501962916
2025-04-27,AirPodsPro3,52.03609501962916
2025-04-28,AirPodsPro3,52.03609501962916
2025-04-29,AirPodsPro3,52.03609501962916
2025-04-01,AmazonFire,38.977120519516525
2025-04-02,AmazonFire,38.977120519516525
2025-04-03,AmazonFire,38.977120519516525
2025-04-04,AmazonFire,41.73215297625616
2025-04-05,AmazonFire,38.977120519516525
2025-04-06,AmazonFire,38.977120519516525
2025-04-07,AmazonFire,41.73215297625616
2025-04-08,AmazonFire,41.73215297625616
2025-04-09,AmazonFire,41.73215297625616
2025-04-10,AmazonFire,41.73215297625616
2025-04-11,AmazonFire,41.73215297625616
2025-04-12,AmazonFire,41.73215297625616
2025-04-13,AmazonFire,41.73215297625616
2025-04-14,AmazonFire,41.73215297625616
2025-04-15,AmazonFire,41.73215297625616
2025-04-16,AmazonFire,41.73215297625616
2025-04-17,AmazonFire,41.73215297625616
2025-04-18,AmazonFire,41.73215297625616
2025-04-19,AmazonFire,41.73215297625616
2025-04-20,AmazonFire,41.73215297625616
2025-04-21,AmazonFire,38.977120519516525
2025-04-22,AmazonFire,41.73215297625616
2025-04-23,AmazonFire,41.73215297625616
2025-04-24,AmazonFire,41.73215297625616
2025-04-25,AmazonFire,41.73215297625616
2025-04-26,AmazonFire,38.977120519516525
2025-04-27,AmazonFire,38.977120519516525
2025-04-28,AmazonFire,41.73215297625616
2025-04-29,AmazonFire,41.73215297625616
2025-04-01,AnkerPowerBank,28.60915173643859
2025-04-02,AnkerPowerBank,28.60915173643859
2025-04-03,AnkerPowerBank,28.60915173643859
2025-04-04,AnkerPowerBank,28.60915173643859
2025-04-05,AnkerPowerBank,28.60915173643859
2025-04-06,AnkerPowerBank,28.60915173643859
2025-04-07,AnkerPowerBank,28.60915173643859
2025-04-08,AnkerPowerBank,28.60915173643859
2025-04-09,AnkerPowerBank,28.60915173643859
2025-04-10,AnkerPowerBank,28.60915173643859
2025-04-11,AnkerPowerBank,28.60915173643859
2025-04-12,AnkerPowerBank,28.60915173643859
2025-04-13,AnkerPowerBank,28.60915173643859
2025-04-14,AnkerPowerBank,28.60915173643859
2025-04-15,AnkerPowerBank,28.60915173643859
2025-04-16,AnkerPowerBank,27.104576636556146
2025-04-17,AnkerPowerBank,28.60915173643859
2025-04-18,AnkerPowerBank,28.60915173643859
2025-04-19,AnkerPowerBank,28.60915173643859
2025-04-20,AnkerPowerBank,28.60915173643859
2025-04-21,AnkerPowerBank,27.104576636556146
2025-04-22,AnkerPowerBank,27.104576636556146
2025-04-23,AnkerPowerBank,27.104576636556146
2025-04-24,AnkerPowerBank,28.60915173643859
2025-04-25,AnkerPowerBank,27.02036479237392
2025-04-26,AnkerPowerBank,28.52043162139677
2025-04-27,AnkerPowerBank,28.52043162139677
2025-04-28,AnkerPowerBank,27.02036479237392
2025-04-29,AnkerPowerBank,28.52043162139677
2025-04-01,AppleWatch10,45.57284879212054
2025-04-02,AppleWatch10,45.57284879212054
2025-04-03,AppleWatch10,45.57284879212054
2025-04-04,AppleWatch10,45.57284879212054
2025-04-05,AppleWatch10,45.57284879212054
2025-04-06,AppleWatch10,45.57284879212054
2025-04-07,AppleWatch10,45.57284879212054
2025-04-08,AppleWatch10,45.57284879212054
2025-04-09,AppleWatch10,45.57284879212054
2025-04-10,AppleWatch10,45.57284879212054
2025-04-11,AppleWatch10,45.57284879212054
2025-04-12,AppleWatch10,45.57284879212054
2025-04-13,AppleWatch10,45.57284879212054
2025-04-14,AppleWatch10,45.57284879212054
2025-04-15,AppleWatch10,45.57284879212054
2025-04-16,AppleWatch10,44.823797619367554
2025-04-17,AppleWatch10,44.823797619367554
2025-04-18,AppleWatch10,44.823797619367554
2025-04-19,AppleWatch10,44.823797619367554
2025-04-20,AppleWatch10,44.823797619367554
2025-04-21,AppleWatch10,44.823797619367554
2025-04-22,AppleWatch10,44.823797619367554
2025-04-23,AppleWatch10,44.823797619367554
2025-04-24,AppleWatch10,44.823797619367554
2025-04-25,AppleWatch10,44.823797619367554
2025-04-26,AppleWatch10,44.823797619367554
2025-04-27,AppleWatch10,44.823797619367554
2025-04-28,AppleWatch10,44.823797619367554
2025-04-29,AppleWatch10,44.823797619367554
2025-04-01,AppleWatch9,14.606034529172462
2025-04-02,AppleWatch9,14.606034529172462
2025-04-03,AppleWatch9,14.606034529172462
2025-04-04,AppleWatch9,14.520381975719559
2025-04-05,AppleWatch9,14.606034529172462
2025-04-06,AppleWatch9,14.606034529172462
2025-04-07,AppleWatch9,14.606034529172462
2025-04-08,AppleWatch9,14.606034529172462
2025-04-09,AppleWatch9,14.606034529172462
2025-04-10,AppleWatch9,14.606034529172462
2025-04-11,AppleWatch9,14.606034529172462
2025-04-12,AppleWatch9,14.606034529172462
2025-04-13,AppleWatch9,14.520381975719559
2025-04-14,AppleWatch9,14.448783949514423
2025-04-15,AppleWatch9,14.533840822621675
2025-04-16,AppleWatch9,14.533840822621675
2025-04-17,AppleWatch9,14.448783949514423
2025-04-18,AppleWatch9,14.448783949514423
2025-04-19,AppleWatch9,14.448783949514423
2025-04-20,AppleWatch9,14.448783949514423
2025-04-21,AppleWatch9,14.448783949514423
2025-04-22,AppleWatch9,14.448783949514423
2025-04-23,AppleWatch9,14.448783949514423
2025-04-24,AppleWatch9,14.448783949514423
2025-04-25,AppleWatch9,14.448783949514423
2025-04-26,AppleWatch9,14.448783949514423
2025-04-27,AppleWatch9,14.448783949514423
2025-04-28,AppleWatch9,14.448783949514423
2025-04-29,AppleWatch9,14.448783949514423
2025-04-01,AsusZenbook,21.249343898441968
2025-04-02,AsusZenbook,21.249343898441968
2025-04-03,AsusZenbook,21.249343898441968
2025-04-04,AsusZenbook,21.249343898441968
2025-04-05,AsusZenbook,21.460381174283317
2025-04-06,AsusZenbook,21.460381174283317
2025-04-07,AsusZenbook,21.460381174283317
2025-04-08,AsusZenbook,21.460381174283317
2025-04-09,AsusZenbook,21.460381174283317
2025-04-10,AsusZenbook,21.460381174283317
2025-04-11,AsusZenbook,21.460381174283317
2025-04-12,AsusZenbook,21.460381174283317
2025-04-13,AsusZenbook,21.460381174283317
2025-04-14,AsusZenbook,21.460381174283317
2025-04-15,AsusZenbook,21.460381174283317
2025-04-16,AsusZenbook,21.460381174283317
2025-04-17,AsusZenbook,21.460381174283317
2025-04-18,AsusZenbook,21.460381174283317
2025-04-19,AsusZenbook,21.460381174283317
2025-04-20,AsusZenbook,21.460381174283317
2025-04-21,AsusZenbook,21.460381174283317
2025-04-22,AsusZenbook,21.460381174283317
2025-04-23,AsusZenbook,21.460381174283317
2025-04-24,AsusZenbook,21.460381174283317
2025-04-25,AsusZenbook,21.460381174283317
2025-04-26,AsusZenbook,21.460381174283317
2025-04-27,AsusZenbook,21.460381174283317
2025-04-28,AsusZenbook,21.460381174283317
2025-04-29,AsusZenbook,21.42750990358646
2025-04-01,BeatsStudioPro,22.014695229230483
2025-04-02,BeatsStudioPro,22.014695229230483
2025-04-03,BeatsStudioPro,22.014695229230483
2025-04-04,BeatsStudioPro,22.014695229230483
2025-04-05,BeatsStudioPro,22.232991939806105
2025-04-06,BeatsStudioPro,22.232991939806105
2025-04-07,BeatsStudioPro,22.232991939806105
2025-04-08,BeatsStudioPro,22.232991939806105
2025-04-09,BeatsStudioPro,22.232991939806105
2025-04-10,BeatsStudioPro,22.232991939806105
2025-04-11,BeatsStudioPro,22.232991939806105
2025-04-12,BeatsStudioPro,22.232991939806105
2025-04-13,BeatsStudioPro,22.232991939806105
2025-04-14,BeatsStudioPro,22.232991939806105
2025-04-15,BeatsStudioPro,22.232991939806105
2025-04-16,BeatsStudioPro,22.232991939806105
2025-04-17,BeatsStudioPro,22.232991939806105
2025-04-18,BeatsStudioPro,22.232991939806105
2025-04-19,BeatsStudioPro,22.232991939806105
2025-04-20,BeatsStudioPro,22.232991939806105
2025-04-21,BeatsStudioPro,22.232991939806105
2025-04-22,BeatsStudioPro,22.232991939806105
2025-04-23,BeatsStudioPro,22.232991939806105
2025-04-24,BeatsStudioPro,22.232991939806105
2025-04-25,BeatsStudioPro,22.232991939806105
2025-04-26,BeatsStudioPro,22.232991939806105
2025-04-27,BeatsStudioPro,22.232991939806105
2025-04-28,BeatsStudioPro,22.232991939806105
2025-04-29,BeatsStudioPro,22.198286969417442
2025-04-01,BelkinDock,25.840666349544918
2025-04-02,BelkinDock,25.840666349544918
2025-04-03,BelkinDock,25.840666349544918
2025-04-04,BelkinDock,25.840666349544918
2025-04-05,BelkinDock,25.840666349544918
2025-04-06,BelkinDock,25.840666349544918
2025-04-07,BelkinDock,25.840666349544918
2025-04-08,BelkinDock,25.840666349544918
2025-04-09,BelkinDock,25.840666349544918
2025-04-10,BelkinDock,22.857181718046398
2025-04-11,BelkinDock,25.840666349544918
2025-04-12,BelkinDock,25.840666349544918
2025-04-13,BelkinDock,25.840666349544918
2025-04-14,BelkinDock,25.840666349544918
2025-04-15,BelkinDock,25.840666349544918
2025-04-16,BelkinDock,25.840666349544918
2025-04-17,BelkinDock,25.840666349544918
2025-04-18,BelkinDock,25.840666349544918
2025-04-19,BelkinDock,25.840666349544918
2025-04-20,BelkinDock,22.857181718046398
2025-04-21,BelkinDock,22.857181718046398
2025-04-22,BelkinDock,25.840666349544918
2025-04-23,BelkinDock,25.840666349544918
2025-04-24,BelkinDock,22.857181718046398
2025-04-25,BelkinDock,25.099213273301892
2025-04-26,BelkinDock,25.099213273301892
2025-04-27,BelkinDock,25.099213273301892
2025-04-28,BelkinDock,25.099213273301892
2025-04-29,BelkinDock,25.099213273301892
2025-04-01,BoseQC45,19.170716726554637
2025-04-02,BoseQC45,19.170716726554637
2025-04-03,BoseQC45,19.170716726554637
2025-04-04,BoseQC45,19.170716726554637
2025-04-05,BoseQC45,19.170716726554637
2025-04-06,BoseQC45,19.170716726554637
2025-04-07,BoseQC45,19.170716726554637
2025-04-08,BoseQC45,19.170716726554637
2025-04-09,BoseQC45,19.170716726554637
2025-04-10,BoseQC45,17.512927713323634
2025-04-11,BoseQC45,19.170716726554637
2025-04-12,BoseQC45,19.170716726554637
2025-04-13,BoseQC45,19.170716726554637
2025-04-14,BoseQC45,19.170716726554637
2025-04-15,BoseQC45,19.170716726554637
2025-04-16,BoseQC45,19.170716726554637
2025-04-17,BoseQC45,19.170716726554637
2025-04-18,BoseQC45,19.170716726554637
2025-04-19,BoseQC45,19.170716726554637
2025-04-20,BoseQC45,17.512927713323634
2025-04-21,BoseQC45,17.512927713323634
2025-04-22,BoseQC45,19.170716726554637
2025-04-23,BoseQC45,19.170716726554637
2025-04-24,BoseQC45,17.512927713323634
2025-04-25,BoseQC45,18.66890696014475
2025-04-26,BoseQC45,18.66890696014475
2025-04-27,BoseQC45,18.66890696014475
2025-04-28,BoseQC45,18.66890696014475
2025-04-29,BoseQC45,18.66890696014475
2025-04-01,DellXPS16,16.98530959733836
2025-04-02,DellXPS16,16.98530959733836
2025-04-03,DellXPS16,16.98530959733836
2025-04-04,DellXPS16,16.98530959733836
2025-04-05,DellXPS16,16.98530959733836
2025-04-06,DellXPS16,16.98530959733836
2025-04-07,DellXPS16,16.98530959733836
2025-04-08,DellXPS16,16.98530959733836
2025-04-09,DellXPS16,16.98530959733836
2025-04-10,DellXPS16,15.61900921745333
2025-04-11,DellXPS16,16.98530959733836
2025-04-12,DellXPS16,16.98530959733836
2025-04-13,DellXPS16,16.98530959733836
2025-04-14,DellXPS16,16.98530959733836
2025-04-15,DellXPS16,16.98530959733836
2025-04-16,DellXPS16,16.98530959733836
2025-04-17,DellXPS16,16.98530959733836
2025-04-18,DellXPS16,16.98530959733836
2025-04-19,DellXPS16,16.98530959733836
2025-04-20,DellXPS16,15.61900921745333
2025-04-21,DellXPS16,15.61900921745333
2025-04-22,DellXPS16,16.98530959733836
2025-04-23,DellXPS16,16.98530959733836
2025-04-24,DellXPS16,15.61900921745333
2025-04-25,DellXPS16,16.53586080889354
2025-04-26,DellXPS16,16.53586080889354
2025-04-27,DellXPS16,16.53586080889354
2025-04-28,DellXPS16,16.53586080889354
2025-04-29,DellXPS16,16.53586080889354
2025-04-01,EchoShow15,31.293975229021758
2025-04-02,EchoShow15,30.696901754645776
2025-04-03,EchoShow15,30.696901754645776
2025-04-04,EchoShow15,30.696901754645776
2025-04-05,EchoShow15,27.169860214917904
2025-04-06,EchoShow15,30.696901754645776
2025-04-07,EchoShow15,30.696901754645776
2025-04-08,EchoShow15,30.696901754645776
2025-04-09,EchoShow15,30.696901754645776
2025-04-10,EchoShow15,30.696901754645776
2025-04-11,EchoShow15,30.696901754645776
2025-04-12,EchoShow15,27.169860214917904
2025-04-13,EchoShow15,27.169860214917904
2025-04-14,EchoShow15,30.696901754645776
2025-04-15,EchoShow15,30.696901754645776
2025-04-16,EchoShow15,30.696901754645776
2025-04-17,EchoShow15,30.696901754645776
2025-04-18,EchoShow15,30.696901754645776
2025-04-19,EchoShow15,30.696901754645776
2025-04-20,EchoShow15,27.169860214917904
2025-04-21,EchoShow15,27.169860214917904
2025-04-22,EchoShow15,27.169860214917904
2025-04-23,EchoShow15,30.696901754645776
2025-04-24,EchoShow15,27.169860214917904
2025-04-25,EchoShow15,30.696901754645776
2025-04-26,EchoShow15,30.696901754645776
2025-04-27,EchoShow15,30.696901754645776
2025-04-28,EchoShow15,30.696901754645776
2025-04-29,EchoShow15,30.696901754645776
2025-04-01,FitbitCharge7,21.558711953913477
2025-04-02,FitbitCharge7,21.558711953913477
2025-04-03,FitbitCharge7,21.558711953913477
2025-04-04,FitbitCharge7,22.70854599345228
2025-04-05,FitbitCharge7,21.558711953913477
2025-04-06,FitbitCharge7,21.558711953913477
2025-04-07,FitbitCharge7,22.70854599345228
2025-04-08,FitbitCharge7,22.70854599345228
2025-04-09,FitbitCharge7,22.70854599345228
2025-04-10,FitbitCharge7,22.70854599345228
2025-04-11,FitbitCharge7,22.70854599345228
2025-04-12,FitbitCharge7,22.70854599345228
2025-04-13,FitbitCharge7,22.70854599345228
2025-04-14,FitbitCharge7,22.70854599345228
2025-04-15,FitbitCharge7,22.70854599345228
2025-04-16,FitbitCharge7,22.70854599345228
2025-04-17,FitbitCharge7,22.70854599345228
2025-04-18,FitbitCharge7,22.70854599345228
2025-04-19,FitbitCharge7,22.70854599345228
2025-04-20,FitbitCharge7,22.70854599345228
2025-04-21,FitbitCharge7,21.558711953913477
2025-04-22,FitbitCharge7,22.70854599345228
2025-04-23,FitbitCharge7,22.70854599345228
2025-04-24,FitbitCharge7,22.70854599345228
2025-04-25,FitbitCharge7,22.70854599345228
2025-04-26,FitbitCharge7,21.558711953913477
2025-04-27,FitbitCharge7,21.558711953913477
2025-04-28,FitbitCharge7,22.70854599345228
2025-04-29,FitbitCharge7,22.70854599345228
2025-04-01,GalaxyS24,44.09396864254127
2025-04-02,GalaxyS24,48.24691313163341
2025-04-03,GalaxyS24,43.51664379295911
2025-04-04,GalaxyS24,47.61641677022123
2025-04-05,GalaxyS24,47.61641677022123
2025-04-06,GalaxyS24,43.51664379295911
2025-04-07,GalaxyS24,47.61641677022123
2025-04-08,GalaxyS24,43.51664379295911
2025-04-09,GalaxyS24,47.61641677022123
2025-04-10,GalaxyS24,47.61641677022123
2025-04-11,GalaxyS24,47.61641677022123
2025-04-12,GalaxyS24,43.51664379295911
2025-04-13,GalaxyS24,43.107743022242644
2025-04-14,GalaxyS24,39.38818191626297
2025-04-15,GalaxyS24,39.38818191626297
2025-04-16,GalaxyS24,39.38818191626297
2025-04-17,GalaxyS24,41.00959862599057
2025-04-18,GalaxyS24,39.38818191626297
2025-04-19,GalaxyS24,39.38818191626297
2025-04-20,GalaxyS24,41.00959862599057
2025-04-21,GalaxyS24,41.00959862599057
2025-04-22,GalaxyS24,39.38818191626297
2025-04-23,GalaxyS24,41.00959862599057
2025-04-24,GalaxyS24,41.00959862599057
2025-04-25,GalaxyS24,41.00959862599057
2025-04-26,GalaxyS24,39.38818191626297
2025-04-27,GalaxyS24,41.00959862599057
2025-04-28,GalaxyS24,41.00959862599057
2025-04-29,GalaxyS24,39.38818191626297
2025-04-30,GalaxyS24,39.38818191626297
2025-04-01,GalaxyS25,27.665776728964016
2025-04-02,GalaxyS25,27.665776728964016
2025-04-03,GalaxyS25,29.915802494905297
2025-04-04,GalaxyS25,27.665776728964016
2025-04-05,GalaxyS25,27.665776728964016
2025-04-06,GalaxyS25,27.665776728964016
2025-04-07,GalaxyS25,27.665776728964016
2025-04-08,GalaxyS25,27.665776728964016
2025-04-09,GalaxyS25,27.665776728964016
2025-04-10,GalaxyS25,27.665776728964016
2025-04-11,GalaxyS25,27.665776728964016
2025-04-12,GalaxyS25,27.665776728964016
2025-04-13,GalaxyS25,27.61475534818867
2025-04-14,GalaxyS25,27.61475534818867
2025-04-15,GalaxyS25,27.61475534818867
2025-04-16,GalaxyS25,29.95446302977948
2025-04-17,GalaxyS25,29.95446302977948
2025-04-18,GalaxyS25,27.61475534818867
2025-04-19,GalaxyS25,27.61475534818867
2025-04-20,GalaxyS25,29.95446302977948
2025-04-21,GalaxyS25,29.95446302977948
2025-04-22,GalaxyS25,27.61475534818867
2025-04-23,GalaxyS25,27.61475534818867
2025-04-24,GalaxyS25,29.949806380272427
2025-04-25,GalaxyS25,29.949806380272427
2025-04-26,GalaxyS25,27.61011020745978
2025-04-27,GalaxyS25,27.61011020745978
2025-04-28,GalaxyS25,27.61011020745978
2025-04-29,GalaxyS25,27.61011020745978
2025-04-30,GalaxyS25,27.61011020745978
2025-04-01,GalaxyTabS10,18.790641423266973
2025-04-02,GalaxyTabS10,18.790641423266973
2025-04-03,GalaxyTabS10,18.790641423266973
2025-04-04,GalaxyTabS10,18.790641423266973
2025-04-05,GalaxyTabS10,18.790641423266973
2025-04-06,GalaxyTabS10,18.790641423266973
2025-04-07,GalaxyTabS10,18.790641423266973
2025-04-08,GalaxyTabS10,18.790641423266973
2025-04-09,GalaxyTabS10,18.790641423266973
2025-04-10,GalaxyTabS10,18.790641423266973
2025-04-11,GalaxyTabS10,18.790641423266973
2025-04-12,GalaxyTabS10,18.790641423266973
2025-04-13,GalaxyTabS10,18.790641423266973
2025-04-14,GalaxyTabS10,18.790641423266973
2025-04-15,GalaxyTabS10,18.790641423266973
2025-04-16,GalaxyTabS10,19.40836624409825
2025-04-17,GalaxyTabS10,18.95701100361712
2025-04-18,GalaxyTabS10,19.475794026210252
2025-04-19,GalaxyTabS10,19.06792571941429
2025-04-20,GalaxyTabS10,19.06792571941429
2025-04-21,GalaxyTabS10,19.06792571941429
2025-04-22,GalaxyTabS10,19.06792571941429
2025-04-23,GalaxyTabS10,19.06792571941429
2025-04-24,GalaxyTabS10,19.06792571941429
2025-04-25,GalaxyTabS10,19.06792571941429
2025-04-26,GalaxyTabS10,19.06792571941429
2025-04-27,GalaxyTabS10,19.06792571941429
2025-04-28,GalaxyTabS10,19.06792571941429
2025-04-29,GalaxyTabS10,19.06792571941429
2025-04-01,GalaxyTabS9,20.942109969455558
2025-04-02,GalaxyTabS9,22.692677720965666
2025-04-03,GalaxyTabS9,22.692677720965666
2025-04-04,GalaxyTabS9,22.692677720965666
2025-04-05,GalaxyTabS9,20.942109969455558
2025-04-06,GalaxyTabS9,20.942109969455558
2025-04-07,GalaxyTabS9,20.942109969455558
2025-04-08,GalaxyTabS9,22.692677720965666
2025-04-09,GalaxyTabS9,22.692677720965666
2025-04-10,GalaxyTabS9,22.692677720965666
2025-04-11,GalaxyTabS9,22.692677720965666
2025-04-12,GalaxyTabS9,22.692677720965666
2025-04-13,GalaxyTabS9,22.692677720965666
2025-04-14,GalaxyTabS9,20.942109969455558
2025-04-15,GalaxyTabS9,22.692677720965666
2025-04-16,GalaxyTabS9,22.692677720965666
2025-04-17,GalaxyTabS9,22.692677720965666
2025-04-18,GalaxyTabS9,22.692677720965666
2025-04-19,GalaxyTabS9,22.692677720965666
2025-04-20,GalaxyTabS9,22.692677720965666
2025-04-21,GalaxyTabS9,22.692677720965666
2025-04-22,GalaxyTabS9,22.692677720965666
2025-04-23,GalaxyTabS9,22.692677720965666
2025-04-24,GalaxyTabS9,20.942109969455558
2025-04-25,GalaxyTabS9,22.692677720965666
2025-04-26,GalaxyTabS9,22.692677720965666
2025-04-27,GalaxyTabS9,22.692677720965666
2025-04-28,GalaxyTabS9,22.692677720965666
2025-04-29,GalaxyTabS9,22.692677720965666
2025-04-01,GalaxyWatch7,21.71312367168551
2025-04-02,GalaxyWatch7,21.71312367168551
2025-04-03,GalaxyWatch7,21.71312367168551
2025-04-04,GalaxyWatch7,21.71312367168551
2025-04-05,GalaxyWatch7,21.71312367168551
2025-04-06,GalaxyWatch7,21.71312367168551
2025-04-07,GalaxyWatch7,21.71312367168551
2025-04-08,GalaxyWatch7,21.71312367168551
2025-04-09,GalaxyWatch7,21.71312367168551
2025-04-10,GalaxyWatch7,21.71312367168551
2025-04-11,GalaxyWatch7,21.71312367168551
2025-04-12,GalaxyWatch7,21.71312367168551
2025-04-13,GalaxyWatch7,21.71312367168551
2025-04-14,GalaxyWatch7,21.71312367168551
2025-04-15,GalaxyWatch7,21.71312367168551
2025-04-16,GalaxyWatch7,21.71312367168551
2025-04-17,GalaxyWatch7,21.71312367168551
2025-04-18,GalaxyWatch7,21.71312367168551
2025-04-19,GalaxyWatch7,21.71312367168551
2025-04-20,GalaxyWatch7,21.71312367168551
2025-04-21,GalaxyWatch7,21.71312367168551
2025-04-22,GalaxyWatch7,21.71312367168551
2025-04-23,GalaxyWatch7,21.71312367168551
2025-04-24,GalaxyWatch7,21.71312367168551
2025-04-25,GalaxyWatch7,21.71312367168551
2025-04-26,GalaxyWatch7,21.71312367168551
2025-04-27,GalaxyWatch7,21.71312367168551
2025-04-28,GalaxyWatch7,21.71312367168551
2025-04-29,GalaxyWatch7,21.71312367168551
2025-04-01,GarminVenu3,9.301663395060311
2025-04-02,GarminVenu3,9.301663395060311
2025-04-03,GarminVenu3,9.301663395060311
2025-04-04,GarminVenu3,9.301663395060311
2025-04-05,GarminVenu3,8.94568048618196
2025-04-06,GarminVenu3,9.301663395060311
2025-04-07,GarminVenu3,9.301663395060311
2025-04-08,GarminVenu3,9.301663395060311
2025-04-09,GarminVenu3,9.301663395060311
2025-04-10,GarminVenu3,9.301663395060311
2025-04-11,GarminVenu3,9.301663395060311
2025-04-12,GarminVenu3,8.94568048618196
2025-04-13,GarminVenu3,8.94568048618196
2025-04-14,GarminVenu3,9.301663395060311
2025-04-15,GarminVenu3,9.301663395060311
2025-04-16,GarminVenu3,9.301663395060311
2025-04-17,GarminVenu3,9.301663395060311
2025-04-18,GarminVenu3,9.301663395060311
2025-04-19,GarminVenu3,9.301663395060311
2025-04-20,GarminVenu3,8.94568048618196
2025-04-21,GarminVenu3,8.94568048618196
2025-04-22,GarminVenu3,8.94568048618196
2025-04-23,GarminVenu3,9.301663395060311
2025-04-24,GarminVenu3,8.94568048618196
2025-04-25,GarminVenu3,9.301663395060311
2025-04-26,GarminVenu3,9.301663395060311
2025-04-27,GarminVenu3,9.301663395060311
2025-04-28,GarminVenu3,9.301663395060311
2025-04-29,GarminVenu3,9.301663395060311
2025-04-01,HPEnvy360,17.947775659542803
2025-04-02,HPEnvy360,17.947775659542803
2025-04-03,HPEnvy360,17.947775659542803
2025-04-04,HPEnvy360,17.947775659542803
2025-04-05,HPEnvy360,17.947775659542803
2025-04-06,HPEnvy360,17.947775659542803
2025-04-07,HPEnvy360,17.947775659542803
2025-04-08,HPEnvy360,17.947775659542803
2025-04-09,HPEnvy360,17.947775659542803
2025-04-10,HPEnvy360,17.947775659542803
2025-04-11,HPEnvy360,17.947775659542803
2025-04-12,HPEnvy360,17.947775659542803
2025-04-13,HPEnvy360,17.947775659542803
2025-04-14,HPEnvy360,17.947775659542803
2025-04-15,HPEnvy360,17.947775659542803
2025-04-16,HPEnvy360,17.306091916425505
2025-04-17,HPEnvy360,17.947775659542803
2025-04-18,HPEnvy360,17.947775659542803
2025-04-19,HPEnvy360,17.947775659542803
2025-04-20,HPEnvy360,17.947775659542803
2025-04-21,HPEnvy360,17.306091916425505
2025-04-22,HPEnvy360,17.306091916425505
2025-04-23,HPEnvy360,17.306091916425505
2025-04-24,HPEnvy360,17.947775659542803
2025-04-25,HPEnvy360,17.306091916425505
2025-04-26,HPEnvy360,17.947775659542803
2025-04-27,HPEnvy360,17.947775659542803
2025-04-28,HPEnvy360,17.306091916425505
2025-04-29,HPEnvy360,17.947775659542803
2025-04-01,JBLFlip7,13.74298427059491
2025-04-02,JBLFlip7,13.74298427059491
2025-04-03,JBLFlip7,14.156919175183608
2025-04-04,JBLFlip7,14.156919175183608
2025-04-05,JBLFlip7,13.74298427059491
2025-04-06,JBLFlip7,14.156919175183608
2025-04-07,JBLFlip7,14.156919175183608
2025-04-08,JBLFlip7,13.74298427059491
2025-04-09,JBLFlip7,13.74298427059491
2025-04-10,JBLFlip7,14.156919175183608
2025-04-11,JBLFlip7,13.74298427059491
2025-04-12,JBLFlip7,14.156919175183608
2025-04-13,JBLFlip7,14.156919175183608
2025-04-14,JBLFlip7,14.156919175183608
2025-04-15,JBLFlip7,14.156919175183608
2025-04-16,JBLFlip7,14.156919175183608
2025-04-17,JBLFlip7,13.74298427059491
2025-04-18,JBLFlip7,14.156919175183608
2025-04-19,JBLFlip7,13.74298427059491
2025-04-20,JBLFlip7,14.156919175183608
2025-04-21,JBLFlip7,13.74298427059491
2025-04-22,JBLFlip7,13.74298427059491
2025-04-23,JBLFlip7,14.156919175183608
2025-04-24,JBLFlip7,14.156919175183608
2025-04-25,JBLFlip7,14.156919175183608
2025-04-26,JBLFlip7,14.156919175183608
2025-04-27,JBLFlip7,14.156919175183608
2025-04-28,JBLFlip7,14.156919175183608
2025-04-29,JBLFlip7,14.156919175183608
2025-04-01,JabraElite,18.754206598458556
2025-04-02,JabraElite,18.754206598458556
2025-04-03,JabraElite,18.77916196568363
2025-04-04,JabraElite,18.77916196568363
2025-04-05,JabraElite,18.951497338492047
2025-04-06,JabraElite,18.951497338492047
2025-04-07,JabraElite,18.77916196568363
2025-04-08,JabraElite,18.77916196568363
2025-04-09,JabraElite,18.77916196568363
2025-04-10,JabraElite,18.77916196568363
2025-04-11,JabraElite,18.77916196568363
2025-04-12,JabraElite,18.77916196568363
2025-04-13,JabraElite,18.77916196568363
2025-04-14,JabraElite,18.77916196568363
2025-04-15,JabraElite,18.77916196568363
2025-04-16,JabraElite,18.951497338492047
2025-04-17,JabraElite,18.951497338492047
2025-04-18,JabraElite,18.77916196568363
2025-04-19,JabraElite,18.77916196568363
2025-04-20,JabraElite,18.77916196568363
2025-04-21,JabraElite,18.77916196568363
2025-04-22,JabraElite,18.77916196568363
2025-04-23,JabraElite,18.77916196568363
2025-04-24,JabraElite,18.77916196568363
2025-04-25,JabraElite,18.77916196568363
2025-04-26,JabraElite,18.77916196568363
2025-04-27,JabraElite,18.77916196568363
2025-04-28,JabraElite,18.77916196568363
2025-04-29,JabraElite,18.77916196568363
2025-04-01,LenovoTab,12.589245658911707
2025-04-02,LenovoTab,12.589245658911707
2025-04-03,LenovoTab,12.589245658911707
2025-04-04,LenovoTab,12.589245658911707
2025-04-05,LenovoTab,12.589245658911707
2025-04-06,LenovoTab,12.589245658911707
2025-04-07,LenovoTab,12.589245658911707
2025-04-08,LenovoTab,12.589245658911707
2025-04-09,LenovoTab,12.589245658911707
2025-04-10,LenovoTab,12.589245658911707
2025-04-11,LenovoTab,12.589245658911707
2025-04-12,LenovoTab,12.589245658911707
2025-04-13,LenovoTab,12.589245658911707
2025-04-14,LenovoTab,12.589245658911707
2025-04-15,LenovoTab,12.589245658911707
2025-04-16,LenovoTab,12.589245658911707
2025-04-17,LenovoTab,12.589245658911707
2025-04-18,LenovoTab,12.589245658911707
2025-04-19,LenovoTab,12.589245658911707
2025-04-20,LenovoTab,12.589245658911707
2025-04-21,LenovoTab,12.589245658911707
2025-04-22,LenovoTab,12.589245658911707
2025-04-23,LenovoTab,12.589245658911707
2025-04-24,LenovoTab,12.589245658911707
2025-04-25,LenovoTab,12.589245658911707
2025-04-26,LenovoTab,12.589245658911707
2025-04-27,LenovoTab,12.589245658911707
2025-04-28,LenovoTab,12.589245658911707
2025-04-29,LenovoTab,12.589245658911707
2025-04-01,LenovoYoga,26.236167070192586
2025-04-02,LenovoYoga,26.236167070192586
2025-04-03,LenovoYoga,26.236167070192586
2025-04-04,LenovoYoga,29.116125924386655
2025-04-05,LenovoYoga,26.236167070192586
2025-04-06,LenovoYoga,26.236167070192586
2025-04-07,LenovoYoga,29.116125924386655
2025-04-08,LenovoYoga,29.116125924386655
2025-04-09,LenovoYoga,29.116125924386655
2025-04-10,LenovoYoga,29.116125924386655
2025-04-11,LenovoYoga,29.116125924386655
2025-04-12,LenovoYoga,29.116125924386655
2025-04-13,LenovoYoga,29.116125924386655
2025-04-14,LenovoYoga,29.116125924386655
2025-04-15,LenovoYoga,29.116125924386655
2025-04-16,LenovoYoga,29.116125924386655
2025-04-17,LenovoYoga,29.116125924386655
2025-04-18,LenovoYoga,29.116125924386655
2025-04-19,LenovoYoga,29.116125924386655
2025-04-20,LenovoYoga,29.116125924386655
2025-04-21,LenovoYoga,26.236167070192586
2025-04-22,LenovoYoga,29.116125924386655
2025-04-23,LenovoYoga,29.116125924386655
2025-04-24,LenovoYoga,29.116125924386655
2025-04-25,LenovoYoga,29.116125924386655
2025-04-26,LenovoYoga,26.236167070192586
2025-04-27,LenovoYoga,26.236167070192586
2025-04-28,LenovoYoga,29.116125924386655
2025-04-29,LenovoYoga,29.116125924386655
2025-04-01,LogitechMXKeys,19.790450246260903
2025-04-02,LogitechMXKeys,19.790450246260903
2025-04-03,LogitechMXKeys,19.790450246260903
2025-04-04,LogitechMXKeys,19.790450246260903
2025-04-05,LogitechMXKeys,19.790450246260903
2025-04-06,LogitechMXKeys,19.790450246260903
2025-04-07,LogitechMXKeys,19.790450246260903
2025-04-08,LogitechMXKeys,19.790450246260903
2025-04-09,LogitechMXKeys,19.790450246260903
2025-04-10,LogitechMXKeys,19.790450246260903
2025-04-11,LogitechMXKeys,19.790450246260903
2025-04-12,LogitechMXKeys,19.790450246260903
2025-04-13,LogitechMXKeys,19.790450246260903
2025-04-14,LogitechMXKeys,19.790450246260903
2025-04-15,LogitechMXKeys,19.790450246260903
2025-04-16,LogitechMXKeys,19.790450246260903
2025-04-17,LogitechMXKeys,19.790450246260903
2025-04-18,LogitechMXKeys,19.790450246260903
2025-04-19,LogitechMXKeys,19.790450246260903
2025-04-20,LogitechMXKeys,19.790450246260903
2025-04-21,LogitechMXKeys,19.790450246260903
2025-04-22,LogitechMXKeys,19.790450246260903
2025-04-23,LogitechMXKeys,19.790450246260903
2025-04-24,LogitechMXKeys,19.790450246260903
2025-04-25,LogitechMXKeys,19.790450246260903
2025-04-26,LogitechMXKeys,19.790450246260903
2025-04-27,LogitechMXKeys,19.790450246260903
2025-04-28,LogitechMXKeys,19.790450246260903
2025-04-29,LogitechMXKeys,19.790450246260903
2025-04-01,MacBookAirM3,34.437882756640974
2025-04-02,MacBookAirM3,34.437882756640974
2025-04-03,MacBookAirM3,35.9913590891578
2025-04-04,MacBookAirM3,35.9913590891578
2025-04-05,MacBookAirM3,34.437882756640974
2025-04-06,MacBookAirM3,35.9913590891578
2025-04-07,MacBookAirM3,35.9913590891578
2025-04-08,MacBookAirM3,34.437882756640974
2025-04-09,MacBookAirM3,34.437882756640974
2025-04-10,MacBookAirM3,35.9913590891578
2025-04-11,MacBookAirM3,34.437882756640974
2025-04-12,MacBookAirM3,35.9913590891578
2025-04-13,MacBookAirM3,35.9913590891578
2025-04-14,MacBookAirM3,35.9913590891578
2025-04-15,MacBookAirM3,35.9913590891578
2025-04-16,MacBookAirM3,35.9913590891578
2025-04-17,MacBookAirM3,34.437882756640974
2025-04-18,MacBookAirM3,35.9913590891578
2025-04-19,MacBookAirM3,34.437882756640974
2025-04-20,MacBookAirM3,35.9913590891578
2025-04-21,MacBookAirM3,34.122707636109375
2025-04-22,MacBookAirM3,34.122707636109375
2025-04-23,MacBookAirM3,35.659785260650835
2025-04-24,MacBookAirM3,35.34408573243643
2025-04-25,MacBookAirM3,35.34408573243643
2025-04-26,MacBookAirM3,35.34408573243643
2025-04-27,MacBookAirM3,35.34408573243643
2025-04-28,MacBookAirM3,35.34408573243643
2025-04-29,MacBookAirM3,35.34408573243643
2025-04-01,MacBookProM3,20.29010950794025
2025-04-02,MacBookProM3,20.29010950794025
2025-04-03,MacBookProM3,18.672470616369395
2025-04-04,MacBookProM3,18.672470616369395
2025-04-05,MacBookProM3,18.672470616369395
2025-04-06,MacBookProM3,20.29010950794025
2025-04-07,MacBookProM3,18.672470616369395
2025-04-08,MacBookProM3,20.29010950794025
2025-04-09,MacBookProM3,20.29010950794025
2025-04-10,MacBookProM3,20.29010950794025
2025-04-11,MacBookProM3,20.29010950794025
2025-04-12,MacBookProM3,20.29010950794025
2025-04-13,MacBookProM3,18.672470616369395
2025-04-14,MacBookProM3,20.29010950794025
2025-04-15,MacBookProM3,18.72646586024324
2025-04-16,MacBookProM3,20.348258361553878
2025-04-17,MacBookProM3,20.348258361553878
2025-04-18,MacBookProM3,20.348258361553878
2025-04-19,MacBookProM3,18.72646586024324
2025-04-20,MacBookProM3,18.72646586024324
2025-04-21,MacBookProM3,18.72646586024324
2025-04-22,MacBookProM3,20.348258361553878
2025-04-23,MacBookProM3,20.348258361553878
2025-04-24,MacBookProM3,20.348258361553878
2025-04-25,MacBookProM3,20.348258361553878
2025-04-26,MacBookProM3,20.348258361553878
2025-04-27,MacBookProM3,20.348258361553878
2025-04-28,MacBookProM3,18.72646586024324
2025-04-29,MacBookProM3,20.348258361553878
2025-04-01,MagSafeCharger,0.7556719030852544
2025-04-02,MagSafeCharger,0.7556719030852544
2025-04-03,MagSafeCharger,0.7556719030852544
2025-04-04,MagSafeCharger,0.7556719030852544
2025-04-05,MagSafeCharger,0.7556719030852544
2025-04-06,MagSafeCharger,0.7556719030852544
2025-04-07,MagSafeCharger,0.7556719030852544
2025-04-08,MagSafeCharger,0.7556719030852544
2025-04-09,MagSafeCharger,0.7556719030852544
2025-04-10,MagSafeCharger,0.7556719030852544
2025-04-11,MagSafeCharger,0.7556719030852544
2025-04-12,MagSafeCharger,0.7556719030852544
2025-04-13,MagSafeCharger,0.7556719030852544
2025-04-14,MagSafeCharger,0.7556719030852544
2025-04-15,MagSafeCharger,0.7556719030852544
2025-04-16,MagSafeCharger,0.7556719030852544
2025-04-17,MagSafeCharger,0.7556719030852544
2025-04-18,MagSafeCharger,0.7556719030852544
2025-04-19,MagSafeCharger,0.7556719030852544
2025-04-20,MagSafeCharger,0.7556719030852544
2025-04-21,MagSafeCharger,0.7556719030852544
2025-04-22,MagSafeCharger,0.7556719030852544
2025-04-23,MagSafeCharger,0.7556719030852544
2025-04-24,MagSafeCharger,0.7556719030852544
2025-04-25,MagSafeCharger,0.7556719030852544
2025-04-26,MagSafeCharger,0.7556719030852544
2025-04-27,MagSafeCharger,0.7556719030852544
2025-04-28,MagSafeCharger,0.7556719030852544
2025-04-29,MagSafeCharger,0.7556719030852544
2025-04-01,MotorolaRazr,23.947251449379777
2025-04-02,MotorolaRazr,23.947251449379777
2025-04-03,MotorolaRazr,23.947251449379777
2025-04-04,MotorolaRazr,23.947251449379777
2025-04-05,MotorolaRazr,21.856168514246214
2025-04-06,MotorolaRazr,23.947251449379777
2025-04-07,MotorolaRazr,23.947251449379777
2025-04-08,MotorolaRazr,23.947251449379777
2025-04-09,MotorolaRazr,23.947251449379777
2025-04-10,MotorolaRazr,23.947251449379777
2025-04-11,MotorolaRazr,23.947251449379777
2025-04-12,MotorolaRazr,21.856168514246214
2025-04-13,MotorolaRazr,21.856168514246214
2025-04-14,MotorolaRazr,23.947251449379777
2025-04-15,MotorolaRazr,23.947251449379777
2025-04-16,MotorolaRazr,23.947251449379777
2025-04-17,MotorolaRazr,23.947251449379777
2025-04-18,MotorolaRazr,23.947251449379777
2025-04-19,MotorolaRazr,23.947251449379777
2025-04-20,MotorolaRazr,21.856168514246214
2025-04-21,MotorolaRazr,21.856168514246214
2025-04-22,MotorolaRazr,21.856168514246214
2025-04-23,MotorolaRazr,23.947251449379777
2025-04-24,MotorolaRazr,21.856168514246214
2025-04-25,MotorolaRazr,23.947251449379777
2025-04-26,MotorolaRazr,23.947251449379777
2025-04-27,MotorolaRazr,23.947251449379777
2025-04-28,MotorolaRazr,23.947251449379777
2025-04-29,MotorolaRazr,23.947251449379777
2025-04-01,NestHub3,26.508026443291406
2025-04-02,NestHub3,26.508026443291406
2025-04-03,NestHub3,26.508026443291406
2025-04-04,NestHub3,26.508026443291406
2025-04-05,NestHub3,26.508026443291406
2025-04-06,NestHub3,26.508026443291406
2025-04-07,NestHub3,26.508026443291406
2025-04-08,NestHub3,26.508026443291406
2025-04-09,NestHub3,26.508026443291406
2025-04-10,NestHub3,23.449665376579524
2025-04-11,NestHub3,26.508026443291406
2025-04-12,NestHub3,26.508026443291406
2025-04-13,NestHub3,26.508026443291406
2025-04-14,NestHub3,26.508026443291406
2025-04-15,NestHub3,26.508026443291406
2025-04-16,NestHub3,26.508026443291406
2025-04-17,NestHub3,26.508026443291406
2025-04-18,NestHub3,26.508026443291406
2025-04-19,NestHub3,26.508026443291406
2025-04-20,NestHub3,23.449665376579524
2025-04-21,NestHub3,23.449665376579524
2025-04-22,NestHub3,26.508026443291406
2025-04-23,NestHub3,26.508026443291406
2025-04-24,NestHub3,23.449665376579524
2025-04-25,NestHub3,25.748486922106682
2025-04-26,NestHub3,25.748486922106682
2025-04-27,NestHub3,25.748486922106682
2025-04-28,NestHub3,25.748486922106682
2025-04-29,NestHub3,25.748486922106682
2025-04-01,NintendoSwitch2,25.2251674225612
2025-04-02,NintendoSwitch2,25.2251674225612
2025-04-03,NintendoSwitch2,22.691134521661684
2025-04-04,NintendoSwitch2,22.691134521661684
2025-04-05,NintendoSwitch2,25.223642065084757
2025-04-06,NintendoSwitch2,25.223642065084757
2025-04-07,NintendoSwitch2,22.68957547294169
2025-04-08,NintendoSwitch2,22.68957547294169
2025-04-09,NintendoSwitch2,22.68957547294169
2025-04-10,NintendoSwitch2,22.68957547294169
2025-04-11,NintendoSwitch2,22.68957547294169
2025-04-12,NintendoSwitch2,22.68957547294169
2025-04-13,NintendoSwitch2,22.68957547294169
2025-04-14,NintendoSwitch2,22.68957547294169
2025-04-15,NintendoSwitch2,22.68957547294169
2025-04-16,NintendoSwitch2,24.96062677786895
2025-04-17,NintendoSwitch2,24.96062677786895
2025-04-18,NintendoSwitch2,22.44906563904062
2025-04-19,NintendoSwitch2,22.44906563904062
2025-04-20,NintendoSwitch2,22.44906563904062
2025-04-21,NintendoSwitch2,22.44906563904062
2025-04-22,NintendoSwitch2,22.44906563904062
2025-04-23,NintendoSwitch2,22.44906563904062
2025-04-24,NintendoSwitch2,22.44906563904062
2025-04-25,NintendoSwitch2,22.44906563904062
2025-04-26,NintendoSwitch2,22.44906563904062
2025-04-27,NintendoSwitch2,22.44906563904062
2025-04-28,NintendoSwitch2,22.44906563904062
2025-04-29,NintendoSwitch2,22.44906563904062
2025-04-01,OnePlus12,36.717406041929344
2025-04-02,OnePlus12,36.717406041929344
2025-04-03,OnePlus12,36.717406041929344
2025-04-04,OnePlus12,36.717406041929344
2025-04-05,OnePlus12,36.717406041929344
2025-04-06,OnePlus12,36.717406041929344
2025-04-07,OnePlus12,36.717406041929344
2025-04-08,OnePlus12,36.717406041929344
2025-04-09,OnePlus12,36.717406041929344
2025-04-10,OnePlus12,32.49469199520116
2025-04-11,OnePlus12,36.717406041929344
2025-04-12,OnePlus12,36.717406041929344
2025-04-13,OnePlus12,36.717406041929344
2025-04-14,OnePlus12,36.717406041929344
2025-04-15,OnePlus12,36.717406041929344
2025-04-16,OnePlus12,36.717406041929344
2025-04-17,OnePlus12,36.717406041929344
2025-04-18,OnePlus12,36.717406041929344
2025-04-19,OnePlus12,36.717406041929344
2025-04-20,OnePlus12,32.49469199520116
2025-04-21,OnePlus12,32.49469199520116
2025-04-22,OnePlus12,36.717406041929344
2025-04-23,OnePlus12,36.717406041929344
2025-04-24,OnePlus12,32.49469199520116
2025-04-25,OnePlus12,36.717406041929344
2025-04-26,OnePlus12,36.717406041929344
2025-04-27,OnePlus12,36.717406041929344
2025-04-28,OnePlus12,36.717406041929344
2025-04-29,OnePlus12,36.717406041929344
2025-04-01,OnePlus13,33.238561789876265
2025-04-02,OnePlus13,31.037439778190112
2025-04-03,OnePlus13,31.037439778190112
2025-04-04,OnePlus13,33.238561789876265
2025-04-05,OnePlus13,33.238561789876265
2025-04-06,OnePlus13,31.037439778190112
2025-04-07,OnePlus13,33.238561789876265
2025-04-08,OnePlus13,31.037439778190112
2025-04-09,OnePlus13,33.238561789876265
2025-04-10,OnePlus13,31.037439778190112
2025-04-11,OnePlus13,31.037439778190112
2025-04-12,OnePlus13,33.238561789876265
2025-04-13,OnePlus13,31.037439778190112
2025-04-14,OnePlus13,31.037439778190112
2025-04-15,OnePlus13,31.037439778190112
2025-04-16,OnePlus13,31.037439778190112
2025-04-17,OnePlus13,31.037439778190112
2025-04-18,OnePlus13,31.037439778190112
2025-04-19,OnePlus13,31.037439778190112
2025-04-20,OnePlus13,31.037439778190112
2025-04-21,OnePlus13,31.037439778190112
2025-04-22,OnePlus13,30.980524295601228
2025-04-23,OnePlus13,30.980524295601228
2025-04-24,OnePlus13,30.980524295601228
2025-04-25,OnePlus13,33.28043064554378
2025-04-26,OnePlus13,33.28043064554378
2025-04-27,OnePlus13,30.980524295601228
2025-04-28,OnePlus13,30.980524295601228
2025-04-29,OnePlus13,33.28043064554378
2025-04-01,PS5_Slim,72.46409625651799
2025-04-02,PS5_Slim,72.46409625651799
2025-04-03,PS5_Slim,72.46409625651799
2025-04-04,PS5_Slim,72.46409625651799
2025-04-05,PS5_Slim,72.46409625651799
2025-04-06,PS5_Slim,72.46409625651799
2025-04-07,PS5_Slim,72.46409625651799
2025-04-08,PS5_Slim,72.46409625651799
2025-04-09,PS5_Slim,72.46409625651799
2025-04-10,PS5_Slim,72.46409625651799
2025-04-11,PS5_Slim,72.46409625651799
2025-04-12,PS5_Slim,72.46409625651799
2025-04-13,PS5_Slim,72.46409625651799
2025-04-14,PS5_Slim,72.46409625651799
2025-04-15,PS5_Slim,72.46409625651799
2025-04-16,PS5_Slim,72.46409625651799
2025-04-17,PS5_Slim,72.46409625651799
2025-04-18,PS5_Slim,72.46409625651799
2025-04-19,PS5_Slim,72.46409625651799
2025-04-20,PS5_Slim,72.46409625651799
2025-04-21,PS5_Slim,72.46409625651799
2025-04-22,PS5_Slim,72.46409625651799
2025-04-23,PS5_Slim,72.46409625651799
2025-04-24,PS5_Slim,72.46409625651799
2025-04-25,PS5_Slim,72.46409625651799
2025-04-26,PS5_Slim,72.46409625651799
2025-04-27,PS5_Slim,72.46409625651799
2025-04-28,PS5_Slim,72.46409625651799
2025-04-29,PS5_Slim,72.46409625651799
2025-04-01,Pixel8,18.030694997160943
2025-04-02,Pixel8,18.030694997160943
2025-04-03,Pixel8,18.030694997160943
2025-04-04,Pixel8,17.672029695483555
2025-04-05,Pixel8,18.030694997160943
2025-04-06,Pixel8,18.030694997160943
2025-04-07,Pixel8,18.030694997160943
2025-04-08,Pixel8,18.030694997160943
2025-04-09,Pixel8,18.030694997160943
2025-04-10,Pixel8,18.030694997160943
2025-04-11,Pixel8,18.030694997160943
2025-04-12,Pixel8,18.030694997160943
2025-04-13,Pixel8,18.030694997160943
2025-04-14,Pixel8,18.030694997160943
2025-04-15,Pixel8,18.030694997160943
2025-04-16,Pixel8,18.030694997160943
2025-04-17,Pixel8,18.030694997160943
2025-04-18,Pixel8,18.030694997160943
2025-04-19,Pixel8,18.030694997160943
2025-04-20,Pixel8,18.030694997160943
2025-04-21,Pixel8,18.030694997160943
2025-04-22,Pixel8,17.672029695483555
2025-04-23,Pixel8,18.030694997160943
2025-04-24,Pixel8,18.030694997160943
2025-04-25,Pixel8,18.030694997160943
2025-04-26,Pixel8,18.030694997160943
2025-04-27,Pixel8,18.030694997160943
2025-04-28,Pixel8,18.030694997160943
2025-04-29,Pixel8,17.672029695483555
2025-04-30,Pixel8,18.030694997160943
2025-04-01,Pixel9,42.402841669674274
2025-04-02,Pixel9,42.402841669674274
2025-04-03,Pixel9,42.402841669674274
2025-04-04,Pixel9,42.402841669674274
2025-04-05,Pixel9,42.402841669674274
2025-04-06,Pixel9,42.402841669674274
2025-04-07,Pixel9,42.402841669674274
2025-04-08,Pixel9,42.402841669674274
2025-04-09,Pixel9,42.402841669674274
2025-04-10,Pixel9,42.402841669674274
2025-04-11,Pixel9,42.402841669674274
2025-04-12,Pixel9,42.402841669674274
2025-04-13,Pixel9,42.402841669674274
2025-04-14,Pixel9,42.402841669674274
2025-04-15,Pixel9,42.402841669674274
2025-04-16,Pixel9,42.402841669674274
2025-04-17,Pixel9,42.402841669674274
2025-04-18,Pixel9,42.402841669674274
2025-04-19,Pixel9,42.402841669674274
2025-04-20,Pixel9,42.402841669674274
2025-04-21,Pixel9,42.402841669674274
2025-04-22,Pixel9,42.402841669674274
2025-04-23,Pixel9,42.402841669674274
2025-04-24,Pixel9,42.402841669674274
2025-04-25,Pixel9,42.402841669674274
2025-04-26,Pixel9,42.402841669674274
2025-04-27,Pixel9,42.402841669674274
2025-04-28,Pixel9,42.402841669674274
2025-04-29,Pixel9,42.402841669674274
2025-04-30,Pixel9,36.17933035557511
2025-04-01,RazerBlade18,29.857122961821
2025-04-02,RazerBlade18,29.43908248841725
2025-04-03,RazerBlade18,29.43908248841725
2025-04-04,RazerBlade18,29.43908248841725
2025-04-05,RazerBlade18,29.727800262603644
2025-04-06,RazerBlade18,29.727800262603644
2025-04-07,RazerBlade18,29.727800262603644
2025-04-08,RazerBlade18,29.727800262603644
2025-04-09,RazerBlade18,29.727800262603644
2025-04-10,RazerBlade18,29.727800262603644
2025-04-11,RazerBlade18,29.727800262603644
2025-04-12,RazerBlade18,29.727800262603644
2025-04-13,RazerBlade18,29.727800262603644
2025-04-14,RazerBlade18,29.727800262603644
2025-04-15,RazerBlade18,29.727800262603644
2025-04-16,RazerBlade18,29.727800262603644
2025-04-17,RazerBlade18,29.727800262603644
2025-04-18,RazerBlade18,29.727800262603644
2025-04-19,RazerBlade18,29.727800262603644
2025-04-20,RazerBlade18,29.727800262603644
2025-04-21,RazerBlade18,29.727800262603644
2025-04-22,RazerBlade18,29.727800262603644
2025-04-23,RazerBlade18,29.727800262603644
2025-04-24,RazerBlade18,29.727800262603644
2025-04-25,RazerBlade18,29.727800262603644
2025-04-26,RazerBlade18,29.727800262603644
2025-04-27,RazerBlade18,29.727800262603644
2025-04-28,RazerBlade18,29.727800262603644
2025-04-29,RazerBlade18,29.682041616872958
2025-04-01,RoborockS8,32.514099714166555
2025-04-02,RoborockS8,35.74434897924614
2025-04-03,RoborockS8,35.74434897924614
2025-04-04,RoborockS8,35.74434897924614
2025-04-05,RoborockS8,32.514099714166555
2025-04-06,RoborockS8,32.514099714166555
2025-04-07,RoborockS8,32.514099714166555
2025-04-08,RoborockS8,35.74434897924614
2025-04-09,RoborockS8,35.74434897924614
2025-04-10,RoborockS8,35.74434897924614
2025-04-11,RoborockS8,35.74434897924614
2025-04-12,RoborockS8,35.74434897924614
2025-04-13,RoborockS8,35.74434897924614
2025-04-14,RoborockS8,32.514099714166555
2025-04-15,RoborockS8,35.74434897924614
2025-04-16,RoborockS8,35.74434897924614
2025-04-17,RoborockS8,35.74434897924614
2025-04-18,RoborockS8,35.74434897924614
2025-04-19,RoborockS8,35.74434897924614
2025-04-20,RoborockS8,35.74434897924614
2025-04-21,RoborockS8,35.74434897924614
2025-04-22,RoborockS8,35.74434897924614
2025-04-23,RoborockS8,35.74434897924614
2025-04-24,RoborockS8,32.514099714166555
2025-04-25,RoborockS8,35.74434897924614
2025-04-26,RoborockS8,35.74434897924614
2025-04-27,RoborockS8,35.74434897924614
2025-04-28,RoborockS8,35.74434897924614
2025-04-29,RoborockS8,35.74434897924614
2025-04-01,RoombaJ9,28.343242789780245
2025-04-02,RoombaJ9,28.343242789780245
2025-04-03,RoombaJ9,28.343242789780245
2025-04-04,RoombaJ9,28.343242789780245
2025-04-05,RoombaJ9,28.343242789780245
2025-04-06,RoombaJ9,28.343242789780245
2025-04-07,RoombaJ9,28.343242789780245
2025-04-08,RoombaJ9,28.343242789780245
2025-04-09,RoombaJ9,28.343242789780245
2025-04-10,RoombaJ9,28.343242789780245
2025-04-11,RoombaJ9,28.343242789780245
2025-04-12,RoombaJ9,28.343242789780245
2025-04-13,RoombaJ9,28.343242789780245
2025-04-14,RoombaJ9,28.343242789780245
2025-04-15,RoombaJ9,28.343242789780245
2025-04-16,RoombaJ9,28.343242789780245
2025-04-17,RoombaJ9,28.343242789780245
2025-04-18,RoombaJ9,28.343242789780245
2025-04-19,RoombaJ9,28.343242789780245
2025-04-20,RoombaJ9,28.343242789780245
2025-04-21,RoombaJ9,28.343242789780245
2025-04-22,RoombaJ9,28.343242789780245
2025-04-23,RoombaJ9,28.343242789780245
2025-04-24,RoombaJ9,28.343242789780245
2025-04-25,RoombaJ9,28.343242789780245
2025-04-26,RoombaJ9,28.343242789780245
2025-04-27,RoombaJ9,28.343242789780245
2025-04-28,RoombaJ9,28.343242789780245
2025-04-29,RoombaJ9,28.343242789780245
2025-04-01,Samsung45W,14.171392731129473
2025-04-02,Samsung45W,14.171392731129473
2025-04-03,Samsung45W,14.171392731129473
2025-04-04,Samsung45W,14.171392731129473
2025-04-05,Samsung45W,14.171392731129473
2025-04-06,Samsung45W,14.171392731129473
2025-04-07,Samsung45W,14.171392731129473
2025-04-08,Samsung45W,14.171392731129473
2025-04-09,Samsung45W,14.171392731129473
2025-04-10,Samsung45W,14.171392731129473
2025-04-11,Samsung45W,14.171392731129473
2025-04-12,Samsung45W,14.171392731129473
2025-04-13,Samsung45W,14.171392731129473
2025-04-14,Samsung45W,14.171392731129473
2025-04-15,Samsung45W,14.171392731129473
2025-04-16,Samsung45W,14.171392731129473
2025-04-17,Samsung45W,14.171392731129473
2025-04-18,Samsung45W,14.171392731129473
2025-04-19,Samsung45W,14.171392731129473
2025-04-20,Samsung45W,14.171392731129473
2025-04-21,Samsung45W,14.171392731129473
2025-04-22,Samsung45W,14.171392731129473
2025-04-23,Samsung45W,14.171392731129473
2025-04-24,Samsung45W,14.171392731129473
2025-04-25,Samsung45W,14.171392731129473
2025-04-26,Samsung45W,14.171392731129473
2025-04-27,Samsung45W,14.171392731129473
2025-04-28,Samsung45W,14.171392731129473
2025-04-29,Samsung45W,14.171392731129473
2025-04-01,SanDisk1TB,38.90288741341066
2025-04-02,SanDisk1TB,38.90288741341066
2025-04-03,SanDisk1TB,41.46463243442295
2025-04-04,SanDisk1TB,41.46463243442295
2025-04-05,SanDisk1TB,38.90288741341066
2025-04-06,SanDisk1TB,41.46463243442295
2025-04-07,SanDisk1TB,41.46463243442295
2025-04-08,SanDisk1TB,38.90288741341066
2025-04-09,SanDisk1TB,38.90288741341066
2025-04-10,SanDisk1TB,41.46463243442295
2025-04-11,SanDisk1TB,38.90288741341066
2025-04-12,SanDisk1TB,41.46463243442295
2025-04-13,SanDisk1TB,41.46463243442295
2025-04-14,SanDisk1TB,41.46463243442295
2025-04-15,SanDisk1TB,41.46463243442295
2025-04-16,SanDisk1TB,41.46463243442295
2025-04-17,SanDisk1TB,38.90288741341066
2025-04-18,SanDisk1TB,41.46463243442295
2025-04-19,SanDisk1TB,38.90288741341066
2025-04-20,SanDisk1TB,41.46463243442295
2025-04-21,SanDisk1TB,38.93237747353678
2025-04-22,SanDisk1TB,38.93237747353678
2025-04-23,SanDisk1TB,41.49607775574608
2025-04-24,SanDisk1TB,41.41319654737225
2025-04-25,SanDisk1TB,41.41319654737225
2025-04-26,SanDisk1TB,41.41319654737225
2025-04-27,SanDisk1TB,41.41319654737225
2025-04-28,SanDisk1TB,41.41319654737225
2025-04-29,SanDisk1TB,41.41319654737225
2025-04-01,SennheiserMomentum,19.95299005525869
2025-04-02,SennheiserMomentum,20.75393276361203
2025-04-03,SennheiserMomentum,20.75393276361203
2025-04-04,SennheiserMomentum,20.75393276361203
2025-04-05,SennheiserMomentum,20.75393276361203
2025-04-06,SennheiserMomentum,20.75393276361203
2025-04-07,SennheiserMomentum,20.75393276361203
2025-04-08,SennheiserMomentum,20.75393276361203
2025-04-09,SennheiserMomentum,20.75393276361203
2025-04-10,SennheiserMomentum,20.75393276361203
2025-04-11,SennheiserMomentum,20.75393276361203
2025-04-12,SennheiserMomentum,20.75393276361203
2025-04-13,SennheiserMomentum,20.75393276361203
2025-04-14,SennheiserMomentum,20.75393276361203
2025-04-15,SennheiserMomentum,20.75393276361203
2025-04-16,SennheiserMomentum,20.75393276361203
2025-04-17,SennheiserMomentum,20.73195417308291
2025-04-18,SennheiserMomentum,20.73195417308291
2025-04-19,SennheiserMomentum,20.73195417308291
2025-04-20,SennheiserMomentum,20.73195417308291
2025-04-21,SennheiserMomentum,20.73195417308291
2025-04-22,SennheiserMomentum,20.73195417308291
2025-04-23,SennheiserMomentum,20.73195417308291
2025-04-24,SennheiserMomentum,20.73195417308291
2025-04-25,SennheiserMomentum,20.73195417308291
2025-04-26,SennheiserMomentum,20.73195417308291
2025-04-27,SennheiserMomentum,20.73195417308291
2025-04-28,SennheiserMomentum,20.73195417308291
2025-04-29,SennheiserMomentum,20.73195417308291
2025-04-01,SonyWH1000XM6,34.80573472715731
2025-04-02,SonyWH1000XM6,34.80573472715731
2025-04-03,SonyWH1000XM6,34.80573472715731
2025-04-04,SonyWH1000XM6,34.80573472715731
2025-04-05,SonyWH1000XM6,34.80573472715731
2025-04-06,SonyWH1000XM6,34.80573472715731
2025-04-07,SonyWH1000XM6,34.80573472715731
2025-04-08,SonyWH1000XM6,34.80573472715731
2025-04-09,SonyWH1000XM6,34.80573472715731
2025-04-10,SonyWH1000XM6,34.80573472715731
2025-04-11,SonyWH1000XM6,34.80573472715731
2025-04-12,SonyWH1000XM6,34.80573472715731
2025-04-13,SonyWH1000XM6,34.80573472715731
2025-04-14,SonyWH1000XM6,34.80573472715731
2025-04-15,SonyWH1000XM6,34.80573472715731
2025-04-16,SonyWH1000XM6,34.80573472715731
2025-04-17,SonyWH1000XM6,34.80573472715731
2025-04-18,SonyWH1000XM6,34.80573472715731
2025-04-19,SonyWH1000XM6,34.80573472715731
2025-04-20,SonyWH1000XM6,34.80573472715731
2025-04-21,SonyWH1000XM6,34.80573472715731
2025-04-22,SonyWH1000XM6,34.80573472715731
2025-04-23,SonyWH1000XM6,34.80573472715731
2025-04-24,SonyWH1000XM6,34.80573472715731
2025-04-25,SonyWH1000XM6,34.80573472715731
2025-04-26,SonyWH1000XM6,34.80573472715731
2025-04-27,SonyWH1000XM6,34.80573472715731
2025-04-28,SonyWH1000XM6,34.80573472715731
2025-04-29,SonyWH1000XM6,34.80573472715731
2025-04-01,SonyXperia,24.58646726069147
2025-04-02,SonyXperia,24.58646726069147
2025-04-03,SonyXperia,24.58646726069147
2025-04-04,SonyXperia,24.58646726069147
2025-04-05,SonyXperia,24.58646726069147
2025-04-06,SonyXperia,24.58646726069147
2025-04-07,SonyXperia,24.58646726069147
2025-04-08,SonyXperia,24.58646726069147
2025-04-09,SonyXperia,24.58646726069147
2025-04-10,SonyXperia,24.58646726069147
2025-04-11,SonyXperia,24.58646726069147
2025-04-12,SonyXperia,24.58646726069147
2025-04-13,SonyXperia,24.58646726069147
2025-04-14,SonyXperia,24.58646726069147
2025-04-15,SonyXperia,24.58646726069147
2025-04-16,SonyXperia,24.58646726069147
2025-04-17,SonyXperia,24.58646726069147
2025-04-18,SonyXperia,24.58646726069147
2025-04-19,SonyXperia,24.58646726069147
2025-04-20,SonyXperia,24.58646726069147
2025-04-21,SonyXperia,24.58646726069147
2025-04-22,SonyXperia,24.58646726069147
2025-04-23,SonyXperia,24.58646726069147
2025-04-24,SonyXperia,24.58646726069147
2025-04-25,SonyXperia,24.58646726069147
2025-04-26,SonyXperia,24.58646726069147
2025-04-27,SonyXperia,24.58646726069147
2025-04-28,SonyXperia,24.58646726069147
2025-04-29,SonyXperia,24.58646726069147
2025-04-01,SoundcoreLiberty,28.304100493895024
2025-04-02,SoundcoreLiberty,28.304100493895024
2025-04-03,SoundcoreLiberty,28.304100493895024
2025-04-04,SoundcoreLiberty,31.130422912713716
2025-04-05,SoundcoreLiberty,28.304100493895024
2025-04-06,SoundcoreLiberty,28.304100493895024
2025-04-07,SoundcoreLiberty,31.130422912713716
2025-04-08,SoundcoreLiberty,31.130422912713716
2025-04-09,SoundcoreLiberty,31.130422912713716
2025-04-10,SoundcoreLiberty,31.130422912713716
2025-04-11,SoundcoreLiberty,31.130422912713716
2025-04-12,SoundcoreLiberty,31.130422912713716
2025-04-13,SoundcoreLiberty,31.130422912713716
2025-04-14,SoundcoreLiberty,31.130422912713716
2025-04-15,SoundcoreLiberty,31.130422912713716
2025-04-16,SoundcoreLiberty,31.130422912713716
2025-04-17,SoundcoreLiberty,31.130422912713716
2025-04-18,SoundcoreLiberty,31.130422912713716
2025-04-19,SoundcoreLiberty,31.130422912713716
2025-04-20,SoundcoreLiberty,31.130422912713716
2025-04-21,SoundcoreLiberty,28.304100493895024
2025-04-22,SoundcoreLiberty,31.130422912713716
2025-04-23,SoundcoreLiberty,31.130422912713716
2025-04-24,SoundcoreLiberty,31.130422912713716
2025-04-25,SoundcoreLiberty,31.130422912713716
2025-04-26,SoundcoreLiberty,28.304100493895024
2025-04-27,SoundcoreLiberty,28.304100493895024
2025-04-28,SoundcoreLiberty,31.130422912713716
2025-04-29,SoundcoreLiberty,31.130422912713716
2025-04-01,SpigenCase,44.95289760046932
2025-04-02,SpigenCase,44.95289760046932
2025-04-03,SpigenCase,40.81622572211897
2025-04-04,SpigenCase,42.580879913011906
2025-04-05,SpigenCase,38.657736655815455
2025-04-06,SpigenCase,38.657736655815455
2025-04-07,SpigenCase,38.657736655815455
2025-04-08,SpigenCase,40.434160756968225
2025-04-09,SpigenCase,38.657736655815455
2025-04-10,SpigenCase,38.657736655815455
2025-04-11,SpigenCase,40.434160756968225
2025-04-12,SpigenCase,40.434160756968225
2025-04-13,SpigenCase,38.657736655815455
2025-04-14,SpigenCase,40.434160756968225
2025-04-15,SpigenCase,40.434160756968225
2025-04-16,SpigenCase,40.434160756968225
2025-04-17,SpigenCase,38.657736655815455
2025-04-18,SpigenCase,40.434160756968225
2025-04-19,SpigenCase,40.434160756968225
2025-04-20,SpigenCase,38.657736655815455
2025-04-21,SpigenCase,38.657736655815455
2025-04-22,SpigenCase,38.657736655815455
2025-04-23,SpigenCase,40.434160756968225
2025-04-24,SpigenCase,40.434160756968225
2025-04-25,SpigenCase,38.657736655815455
2025-04-26,SpigenCase,38.657736655815455
2025-04-27,SpigenCase,40.434160756968225
2025-04-28,SpigenCase,38.657736655815455
2025-04-29,SpigenCase,38.657736655815455
2025-04-01,SteamDeck2,22.539073740385046
2025-04-02,SteamDeck2,22.539073740385046
2025-04-03,SteamDeck2,22.539073740385046
2025-04-04,SteamDeck2,22.539073740385046
2025-04-05,SteamDeck2,22.539073740385046
2025-04-06,SteamDeck2,22.539073740385046
2025-04-07,SteamDeck2,22.539073740385046
2025-04-08,SteamDeck2,22.539073740385046
2025-04-09,SteamDeck2,22.539073740385046
2025-04-10,SteamDeck2,22.539073740385046
2025-04-11,SteamDeck2,22.539073740385046
2025-04-12,SteamDeck2,22.539073740385046
2025-04-13,SteamDeck2,22.539073740385046
2025-04-14,SteamDeck2,22.539073740385046
2025-04-15,SteamDeck2,22.539073740385046
2025-04-16,SteamDeck2,22.539073740385046
2025-04-17,SteamDeck2,22.539073740385046
2025-04-18,SteamDeck2,22.539073740385046
2025-04-19,SteamDeck2,22.539073740385046
2025-04-20,SteamDeck2,22.539073740385046
2025-04-21,SteamDeck2,22.539073740385046
2025-04-22,SteamDeck2,22.539073740385046
2025-04-23,SteamDeck2,22.539073740385046
2025-04-24,SteamDeck2,22.539073740385046
2025-04-25,SteamDeck2,22.539073740385046
2025-04-26,SteamDeck2,22.539073740385046
2025-04-27,SteamDeck2,22.539073740385046
2025-04-28,SteamDeck2,22.539073740385046
2025-04-29,SteamDeck2,22.539073740385046
2025-04-01,SurfacePro10,23.8195347093474
2025-04-02,SurfacePro10,23.8195347093474
2025-04-03,SurfacePro10,24.06388974054234
2025-04-04,SurfacePro10,24.06388974054234
2025-04-05,SurfacePro10,24.06388974054234
2025-04-06,SurfacePro10,24.06388974054234
2025-04-07,SurfacePro10,24.06388974054234
2025-04-08,SurfacePro10,24.06388974054234
2025-04-09,SurfacePro10,24.06388974054234
2025-04-10,SurfacePro10,24.06388974054234
2025-04-11,SurfacePro10,24.06388974054234
2025-04-12,SurfacePro10,24.06388974054234
2025-04-13,SurfacePro10,24.06388974054234
2025-04-14,SurfacePro10,24.06388974054234
2025-04-15,SurfacePro10,24.06388974054234
2025-04-16,SurfacePro10,24.06388974054234
2025-04-17,SurfacePro10,24.06388974054234
2025-04-18,SurfacePro10,24.06388974054234
2025-04-19,SurfacePro10,24.06388974054234
2025-04-20,SurfacePro10,24.06388974054234
2025-04-21,SurfacePro10,24.06388974054234
2025-04-22,SurfacePro10,24.06388974054234
2025-04-23,SurfacePro10,24.06388974054234
2025-04-24,SurfacePro10,24.06388974054234
2025-04-25,SurfacePro10,24.06388974054234
2025-04-26,SurfacePro10,24.06388974054234
2025-04-27,SurfacePro10,24.06388974054234
2025-04-28,SurfacePro10,24.06388974054234
2025-04-29,SurfacePro10,24.06388974054234
2025-04-01,XboxSeriesX,48.02046191053899
2025-04-02,XboxSeriesX,47.32305708629281
2025-04-03,XboxSeriesX,47.32305708629281
2025-04-04,XboxSeriesX,47.32305708629281
2025-04-05,XboxSeriesX,47.32305708629281
2025-04-06,XboxSeriesX,47.32305708629281
2025-04-07,XboxSeriesX,47.32305708629281
2025-04-08,XboxSeriesX,47.32305708629281
2025-04-09,XboxSeriesX,47.32305708629281
2025-04-10,XboxSeriesX,47.32305708629281
2025-04-11,XboxSeriesX,47.32305708629281
2025-04-12,XboxSeriesX,47.32305708629281
2025-04-13,XboxSeriesX,47.32305708629281
2025-04-14,XboxSeriesX,47.32305708629281
2025-04-15,XboxSeriesX,47.32305708629281
2025-04-16,XboxSeriesX,47.32305708629281
2025-04-17,XboxSeriesX,45.74130449975826
2025-04-18,XboxSeriesX,45.74130449975826
2025-04-19,XboxSeriesX,45.74130449975826
2025-04-20,XboxSeriesX,45.74130449975826
2025-04-21,XboxSeriesX,45.74130449975826
2025-04-22,XboxSeriesX,45.74130449975826
2025-04-23,XboxSeriesX,45.74130449975826
2025-04-24,XboxSeriesX,45.74130449975826
2025-04-25,XboxSeriesX,45.74130449975826
2025-04-26,XboxSeriesX,45.74130449975826
2025-04-27,XboxSeriesX,45.74130449975826
2025-04-28,XboxSeriesX,45.74130449975826
2025-04-29,XboxSeriesX,45.74130449975826
2025-04-01,Xiaomi14,35.80672873432297
2025-04-02,Xiaomi14,38.16436017703809
2025-04-03,Xiaomi14,38.16436017703809
2025-04-04,Xiaomi14,38.16436017703809
2025-04-05,Xiaomi14,35.80672873432297
2025-04-06,Xiaomi14,35.80672873432297
2025-04-07,Xiaomi14,35.80672873432297
2025-04-08,Xiaomi14,38.16436017703809
2025-04-09,Xiaomi14,38.16436017703809
2025-04-10,Xiaomi14,38.16436017703809
2025-04-11,Xiaomi14,38.16436017703809
2025-04-12,Xiaomi14,38.16436017703809
2025-04-13,Xiaomi14,38.16436017703809
2025-04-14,Xiaomi14,35.80672873432297
2025-04-15,Xiaomi14,38.16436017703809
2025-04-16,Xiaomi14,38.16436017703809
2025-04-17,Xiaomi14,38.16436017703809
2025-04-18,Xiaomi14,38.16436017703809
2025-04-19,Xiaomi14,38.16436017703809
2025-04-20,Xiaomi14,38.16436017703809
2025-04-21,Xiaomi14,38.16436017703809
2025-04-22,Xiaomi14,38.16436017703809
2025-04-23,Xiaomi14,38.16436017703809
2025-04-24,Xiaomi14,35.80672873432297
2025-04-25,Xiaomi14,38.16436017703809
2025-04-26,Xiaomi14,38.16436017703809
2025-04-27,Xiaomi14,38.16436017703809
2025-04-28,Xiaomi14,38.16436017703809
2025-04-29,Xiaomi14,38.16436017703809
2025-04-01,Xiaomi15,29.154636861256513
2025-04-02,Xiaomi15,29.154636861256513
2025-04-03,Xiaomi15,29.154636861256513
2025-04-04,Xiaomi15,29.154636861256513
2025-04-05,Xiaomi15,29.154636861256513
2025-04-06,Xiaomi15,29.154636861256513
2025-04-07,Xiaomi15,29.154636861256513
2025-04-08,Xiaomi15,29.154636861256513
2025-04-09,Xiaomi15,29.154636861256513
2025-04-10,Xiaomi15,29.154636861256513
2025-04-11,Xiaomi15,29.154636861256513
2025-04-12,Xiaomi15,29.154636861256513
2025-04-13,Xiaomi15,29.154636861256513
2025-04-14,Xiaomi15,29.154636861256513
2025-04-15,Xiaomi15,29.154636861256513
2025-04-16,Xiaomi15,33.502219763120316
2025-04-17,Xiaomi15,29.21118895369737
2025-04-18,Xiaomi15,33.62338905214354
2025-04-19,Xiaomi15,29.380134457382894
2025-04-20,Xiaomi15,29.380134457382894
2025-04-21,Xiaomi15,29.380134457382894
2025-04-22,Xiaomi15,29.380134457382894
2025-04-23,Xiaomi15,29.380134457382894
2025-04-24,Xiaomi15,29.380134457382894
2025-04-25,Xiaomi15,29.380134457382894
2025-04-26,Xiaomi15,29.380134457382894
2025-04-27,Xiaomi15,29.380134457382894
2025-04-28,Xiaomi15,29.380134457382894
2025-04-29,Xiaomi15,29.380134457382894
2025-04-01,XiaomiBand8,23.063510098655193
2025-04-02,XiaomiBand8,25.029760035756084
2025-04-03,XiaomiBand8,25.029760035756084
2025-04-04,XiaomiBand8,25.029760035756084
2025-04-05,XiaomiBand8,23.063510098655193
2025-04-06,XiaomiBand8,23.063510098655193
2025-04-07,XiaomiBand8,23.063510098655193
2025-04-08,XiaomiBand8,25.029760035756084
2025-04-09,XiaomiBand8,25.029760035756084
2025-04-10,XiaomiBand8,25.029760035756084
2025-04-11,XiaomiBand8,25.029760035756084
2025-04-12,XiaomiBand8,25.029760035756084
2025-04-13,XiaomiBand8,25.029760035756084
2025-04-14,XiaomiBand8,23.063510098655193
2025-04-15,XiaomiBand8,25.029760035756084
2025-04-16,XiaomiBand8,25.029760035756084
2025-04-17,XiaomiBand8,25.029760035756084
2025-04-18,XiaomiBand8,25.029760035756084
2025-04-19,XiaomiBand8,25.029760035756084
2025-04-20,XiaomiBand8,25.029760035756084
2025-04-21,XiaomiBand8,25.029760035756084
2025-04-22,XiaomiBand8,25.029760035756084
2025-04-23,XiaomiBand8,25.029760035756084
2025-04-24,XiaomiBand8,23.063510098655193
2025-04-25,XiaomiBand8,25.029760035756084
2025-04-26,XiaomiBand8,25.029760035756084
2025-04-27,XiaomiBand8,25.029760035756084
2025-04-28,XiaomiBand8,25.029760035756084
2025-04-29,XiaomiBand8,25.029760035756084
2025-04-01,iPadAir,15.863695051222834
2025-04-02,iPadAir,15.863695051222834
2025-04-03,iPadAir,15.863695051222834
2025-04-04,iPadAir,15.863695051222834
2025-04-05,iPadAir,14.477533714470372
2025-04-06,iPadAir,15.863695051222834
2025-04-07,iPadAir,15.863695051222834
2025-04-08,iPadAir,15.863695051222834
2025-04-09,iPadAir,15.863695051222834
2025-04-10,iPadAir,15.863695051222834
2025-04-11,iPadAir,15.863695051222834
2025-04-12,iPadAir,14.477533714470372
2025-04-13,iPadAir,14.477533714470372
2025-04-14,iPadAir,15.863695051222834
2025-04-15,iPadAir,15.863695051222834
2025-04-16,iPadAir,15.863695051222834
2025-04-17,iPadAir,15.863695051222834
2025-04-18,iPadAir,15.863695051222834
2025-04-19,iPadAir,15.863695051222834
2025-04-20,iPadAir,14.477533714470372
2025-04-21,iPadAir,14.477533714470372
2025-04-22,iPadAir,14.477533714470372
2025-04-23,iPadAir,15.863695051222834
2025-04-24,iPadAir,14.477533714470372
2025-04-25,iPadAir,15.863695051222834
2025-04-26,iPadAir,15.863695051222834
2025-04-27,iPadAir,15.863695051222834
2025-04-28,iPadAir,15.863695051222834
2025-04-29,iPadAir,15.863695051222834
2025-04-01,iPadPro,31.92357544362179
2025-04-02,iPadPro,31.92357544362179
2025-04-03,iPadPro,29.028193871001356
2025-04-04,iPadPro,29.028193871001356
2025-04-05,iPadPro,31.92357544362179
2025-04-06,iPadPro,31.92357544362179
2025-04-07,iPadPro,29.028193871001356
2025-04-08,iPadPro,31.046138828399883
2025-04-09,iPadPro,31.046138828399883
2025-04-10,iPadPro,31.046138828399883
2025-04-11,iPadPro,31.046138828399883
2025-04-12,iPadPro,31.046138828399883
2025-04-13,iPadPro,28.235909217708684
2025-04-14,iPadPro,30.474118994666377
2025-04-15,iPadPro,27.714051654171545
2025-04-16,iPadPro,27.714051654171545
2025-04-17,iPadPro,28.576579172770433
2025-04-18,iPadPro,28.576579172770433
2025-04-19,iPadPro,27.714051654171545
2025-04-20,iPadPro,28.576579172770433
2025-04-21,iPadPro,28.576579172770433
2025-04-22,iPadPro,27.714051654171545
2025-04-23,iPadPro,27.714051654171545
2025-04-24,iPadPro,28.576579172770433
2025-04-25,iPadPro,27.714051654171545
2025-04-26,iPadPro,28.576579172770433
2025-04-27,iPadPro,28.576579172770433
2025-04-28,iPadPro,28.576579172770433
2025-04-29,iPadPro,28.576579172770433
2025-04-01,iPhone15,16.738889251373156
2025-04-02,iPhone15,16.738889251373156
2025-04-03,iPhone15,16.738889251373156
2025-04-04,iPhone15,16.402032350523836
2025-04-05,iPhone15,16.738889251373156
2025-04-06,iPhone15,16.738889251373156
2025-04-07,iPhone15,16.738889251373156
2025-04-08,iPhone15,16.738889251373156
2025-04-09,iPhone15,16.738889251373156
2025-04-10,iPhone15,16.738889251373156
2025-04-11,iPhone15,16.738889251373156
2025-04-12,iPhone15,16.738889251373156
2025-04-13,iPhone15,16.402032350523836
2025-04-14,iPhone15,16.320192192298418
2025-04-15,iPhone15,16.655109717573144
2025-04-16,iPhone15,16.655109717573144
2025-04-17,iPhone15,16.556529689346625
2025-04-18,iPhone15,16.556529689346625
2025-04-19,iPhone15,16.556529689346625
2025-04-20,iPhone15,16.556529689346625
2025-04-21,iPhone15,16.556529689346625
2025-04-22,iPhone15,16.320192192298418
2025-04-23,iPhone15,16.556529689346625
2025-04-24,iPhone15,16.556529689346625
2025-04-25,iPhone15,16.556529689346625
2025-04-26,iPhone15,16.556529689346625
2025-04-27,iPhone15,16.320192192298418
2025-04-28,iPhone15,16.556529689346625
2025-04-29,iPhone15,16.556529689346625
2025-04-30,iPhone15,16.556529689346625
2025-04-01,iPhone16,61.308808705451135
2025-04-02,iPhone16,61.308808705451135
2025-04-03,iPhone16,61.308808705451135
2025-04-04,iPhone16,61.308808705451135
2025-04-05,iPhone16,61.308808705451135
2025-04-06,iPhone16,61.308808705451135
2025-04-07,iPhone16,61.308808705451135
2025-04-08,iPhone16,61.308808705451135
2025-04-09,iPhone16,61.308808705451135
2025-04-10,iPhone16,61.308808705451135
2025-04-11,iPhone16,61.308808705451135
2025-04-12,iPhone16,61.308808705451135
2025-04-13,iPhone16,61.308808705451135
2025-04-14,iPhone16,61.308808705451135
2025-04-15,iPhone16,61.308808705451135
2025-04-16,iPhone16,60.79389841221306
2025-04-17,iPhone16,60.79389841221306
2025-04-18,iPhone16,60.79389841221306
2025-04-19,iPhone16,60.79389841221306
2025-04-20,iPhone16,60.79389841221306
2025-04-21,iPhone16,60.79389841221306
2025-04-22,iPhone16,60.79389841221306
2025-04-23,iPhone16,60.79389841221306
2025-04-24,iPhone16,60.79389841221306
2025-04-25,iPhone16,60.79389841221306
2025-04-26,iPhone16,60.79389841221306
2025-04-27,iPhone16,60.79389841221306
2025-04-28,iPhone16,60.79389841221306
2025-04-29,iPhone16,60.79389841221306
2025-04-30,iPhone16,60.79389841221306
