date,product_id,supplier_id,lead_time_used,opening_stock,demand,units_sold,unmet_demand,restocked_qty,closing_stock,next_arrival
2025-04-01,AcerSwift,Supplier_51,11,505,22,22,0,485,483,2025-04-12
2025-04-01,AirPodsPro3,Supplier_69,7,934,52,52,0,856,882,2025-04-08
2025-04-01,AmazonFire,Supplier_67,14,1069,39,39,0,979,1030,2025-04-15
2025-04-01,AnkerPowerBank,Supplier_114,28,1197,29,29,0,1097,1168,2025-04-29
2025-04-01,AppleWatch10,Supplier_95,13,1126,46,46,0,1032,1080,2025-04-14
2025-04-01,AppleWatch9,Supplier_91,29,968,15,15,0,887,953,2025-04-30
2025-04-01,AsusZenbook,Supplier_45,20,708,21,21,0,649,687,2025-04-21
2025-04-01,BeatsStudioPro,Supplier_84,23,811,22,22,0,743,789,2025-04-24
2025-04-01,BelkinDock,Supplier_116,20,835,26,26,0,766,809,2025-04-21
2025-04-01,BoseQC45,Supplier_75,20,622,19,19,0,571,603,2025-04-21
2025-04-01,DellXPS16,Supplier_38,22,591,17,17,0,541,574,2025-04-23
2025-04-01,EchoShow15,Supplier_140,29,2130,31,31,0,1952,2099,2025-04-30
2025-04-01,FitbitCharge7,Supplier_100,29,1102,22,22,0,1011,1080,2025-04-30
2025-04-01,GalaxyS24,Supplier_6,20,1455,44,44,0,1334,1411,2025-04-21
2025-04-01,GalaxyS25,Supplier_8,29,1470,28,28,0,1347,1442,2025-04-30
2025-04-01,GalaxyTabS10,Supplier_61,13,471,19,19,0,432,452,2025-04-14
2025-04-01,GalaxyTabS9,Supplier_59,29,1567,21,21,0,1436,1546,2025-04-30
2025-04-01,GalaxyWatch7,Supplier_96,10,465,22,22,0,426,443,2025-04-11
2025-04-01,GarminVenu3,Supplier_103,10,196,9,9,0,213,187,2025-04-11
2025-04-01,HPEnvy360,Supplier_40,7,319,18,18,0,292,301,2025-04-08
2025-04-01,JBLFlip7,Supplier_78,10,300,14,14,0,384,286,2025-04-11
2025-04-01,JabraElite,Supplier_85,10,403,19,19,0,464,384,2025-04-11
2025-04-01,LenovoTab,Supplier_65,22,445,13,13,0,408,432,2025-04-23
2025-04-01,LenovoYoga,Supplier_43,21,969,26,26,0,888,943,2025-04-22
2025-04-01,LogitechMXKeys,Supplier_111,29,860,20,20,0,788,840,2025-04-30
2025-04-01,MacBookAirM3,Supplier_32,12,838,34,34,0,769,804,2025-04-13
2025-04-01,MacBookProM3,Supplier_35,19,630,20,20,0,577,610,2025-04-20
2025-04-01,MagSafeCharger,Supplier_108,29,491,1,1,0,0,490,
2025-04-01,MotorolaRazr,Supplier_27,6,393,24,24,0,360,369,2025-04-07
2025-04-01,NestHub3,Supplier_134,29,1550,27,27,0,1420,1523,2025-04-30
2025-04-01,NintendoSwitch2,Supplier_127,29,1004,25,25,0,920,979,2025-04-30
2025-04-01,OnePlus12,Supplier_16,10,775,37,37,0,710,738,2025-04-11
2025-04-01,OnePlus13,Supplier_19,29,1710,33,33,0,1567,1677,2025-04-30
2025-04-01,PS5_Slim,Supplier_121,17,2137,72,72,0,1959,2065,2025-04-18
2025-04-01,Pixel8,Supplier_10,13,463,18,18,0,424,445,2025-04-14
2025-04-01,Pixel9,Supplier_14,29,3012,42,42,0,2761,2970,2025-04-30
2025-04-01,RazerBlade18,Supplier_133,29,2222,30,30,0,2036,2192,2025-04-30
2025-04-01,RoborockS8,Supplier_137,25,1362,33,33,0,1248,1329,2025-04-26
2025-04-01,RoombaJ9,Supplier_141,29,1857,28,28,0,1702,1829,2025-04-30
2025-04-01,Samsung45W,Supplier_109,14,369,14,14,0,339,355,2025-04-15
2025-04-01,SanDisk1TB,Supplier_119,13,1010,39,39,0,926,971,2025-04-14
2025-04-01,SennheiserMomentum,Supplier_81,22,733,20,20,0,671,713,2025-04-23
2025-04-01,SonyWH1000XM6,Supplier_72,17,1028,35,35,0,943,993,2025-04-18
2025-04-01,SonyXperia,Supplier_29,5,384,25,25,0,352,359,2025-04-06
2025-04-01,SoundcoreLiberty,Supplier_89,20,1003,28,28,0,919,975,2025-04-21
2025-04-01,SpigenCase,Supplier_118,28,1692,45,45,0,1550,1647,2025-04-29
2025-04-01,SteamDeck2,Supplier_130,15,613,23,23,0,562,590,2025-04-16
2025-04-01,SurfacePro10,Supplier_47,29,1770,24,24,0,1622,1746,2025-04-30
2025-04-01,XboxSeriesX,Supplier_125,11,1054,48,48,0,966,1006,2025-04-12
2025-04-01,Xiaomi14,Supplier_22,20,1244,36,36,0,1141,1208,2025-04-21
2025-04-01,Xiaomi15,Supplier_25,23,1078,29,29,0,988,1049,2025-04-24
2025-04-01,XiaomiBand8,Supplier_105,29,1813,23,23,0,1661,1790,2025-04-30
2025-04-01,iPadAir,Supplier_58,13,386,16,16,0,354,370,2025-04-14
2025-04-01,iPadPro,Supplier_55,22,1039,32,32,0,952,1007,2025-04-23
2025-04-01,iPhone15,Supplier_3,14,447,17,17,0,409,430,2025-04-15
2025-04-01,iPhone16,Supplier_4,6,1062,61,61,0,973,1001,2025-04-07
2025-04-02,AcerSwift,Supplier_51,11,483,22,22,0,0,461,
2025-04-02,AirPodsPro3,Supplier_69,7,882,52,52,0,0,830,
2025-04-02,AmazonFire,Supplier_67,14,1030,39,39,0,0,991,
2025-04-02,AnkerPowerBank,Supplier_114,28,1168,29,29,0,0,1139,
2025-04-02,AppleWatch10,Supplier_95,13,1080,46,46,0,0,1034,
2025-04-02,AppleWatch9,Supplier_91,28,953,15,15,0,0,938,
2025-04-02,AsusZenbook,Supplier_45,20,687,21,21,0,0,666,
2025-04-02,BeatsStudioPro,Supplier_84,23,789,22,22,0,0,767,
2025-04-02,BelkinDock,Supplier_116,20,809,26,26,0,0,783,
2025-04-02,BoseQC45,Supplier_75,20,603,19,19,0,0,584,
2025-04-02,DellXPS16,Supplier_38,22,574,17,17,0,0,557,
2025-04-02,EchoShow15,Supplier_140,28,2099,31,31,0,0,2068,
2025-04-02,FitbitCharge7,Supplier_100,28,1080,22,22,0,0,1058,
2025-04-02,GalaxyS24,Supplier_6,20,1411,48,48,0,0,1363,
2025-04-02,GalaxyS25,Supplier_8,28,1442,28,28,0,0,1414,
2025-04-02,GalaxyTabS10,Supplier_61,13,452,19,19,0,0,433,
2025-04-02,GalaxyTabS9,Supplier_59,28,1546,23,23,0,0,1523,
2025-04-02,GalaxyWatch7,Supplier_96,10,443,22,22,0,0,421,
2025-04-02,GarminVenu3,Supplier_103,10,187,9,9,0,0,178,
2025-04-02,HPEnvy360,Supplier_40,7,301,18,18,0,0,283,
2025-04-02,JBLFlip7,Supplier_78,10,286,14,14,0,0,272,
2025-04-02,JabraElite,Supplier_85,10,384,19,19,0,0,365,
2025-04-02,LenovoTab,Supplier_65,22,432,13,13,0,0,419,
2025-04-02,LenovoYoga,Supplier_43,21,943,26,26,0,0,917,
2025-04-02,LogitechMXKeys,Supplier_111,28,840,20,20,0,0,820,
2025-04-02,MacBookAirM3,Supplier_32,12,804,34,34,0,0,770,
2025-04-02,MacBookProM3,Supplier_35,19,610,20,20,0,0,590,
2025-04-02,MagSafeCharger,Supplier_108,28,490,1,1,0,0,489,
2025-04-02,MotorolaRazr,Supplier_27,6,369,24,24,0,0,345,
2025-04-02,NestHub3,Supplier_134,28,1523,27,27,0,0,1496,
2025-04-02,NintendoSwitch2,Supplier_127,28,979,25,25,0,0,954,
2025-04-02,OnePlus12,Supplier_16,10,738,37,37,0,0,701,
2025-04-02,OnePlus13,Supplier_19,28,1677,31,31,0,0,1646,
2025-04-02,PS5_Slim,Supplier_121,17,2065,72,72,0,0,1993,
2025-04-02,Pixel8,Supplier_10,13,445,18,18,0,0,427,
2025-04-02,Pixel9,Supplier_14,28,2970,42,42,0,0,2928,
2025-04-02,RazerBlade18,Supplier_133,28,2192,29,29,0,0,2163,
2025-04-02,RoborockS8,Supplier_137,25,1329,36,36,0,0,1293,
2025-04-02,RoombaJ9,Supplier_141,28,1829,28,28,0,0,1801,
2025-04-02,Samsung45W,Supplier_109,14,355,14,14,0,0,341,
2025-04-02,SanDisk1TB,Supplier_119,13,971,39,39,0,0,932,
2025-04-02,SennheiserMomentum,Supplier_81,22,713,21,21,0,0,692,
2025-04-02,SonyWH1000XM6,Supplier_72,17,993,35,35,0,0,958,
2025-04-02,SonyXperia,Supplier_29,5,359,25,25,0,0,334,
2025-04-02,SoundcoreLiberty,Supplier_89,20,975,28,28,0,0,947,
2025-04-02,SpigenCase,Supplier_118,28,1647,45,45,0,0,1602,
2025-04-02,SteamDeck2,Supplier_130,15,590,23,23,0,0,567,
2025-04-02,SurfacePro10,Supplier_47,28,1746,24,24,0,0,1722,
2025-04-02,XboxSeriesX,Supplier_125,11,1006,47,47,0,0,959,
2025-04-02,Xiaomi14,Supplier_22,20,1208,38,38,0,0,1170,
2025-04-02,Xiaomi15,Supplier_25,23,1049,29,29,0,0,1020,
2025-04-02,XiaomiBand8,Supplier_105,28,1790,25,25,0,0,1765,
2025-04-02,iPadAir,Supplier_58,13,370,16,16,0,0,354,
2025-04-02,iPadPro,Supplier_55,22,1007,32,32,0,0,975,
2025-04-02,iPhone15,Supplier_3,14,430,17,17,0,0,413,
2025-04-02,iPhone16,Supplier_4,6,1001,61,61,0,0,940,
2025-04-03,AcerSwift,Supplier_51,11,461,22,22,0,0,439,
2025-04-03,AirPodsPro3,Supplier_69,7,830,52,52,0,0,778,
2025-04-03,AmazonFire,Supplier_67,14,991,39,39,0,0,952,
2025-04-03,AnkerPowerBank,Supplier_114,27,1139,29,29,0,0,1110,
2025-04-03,AppleWatch10,Supplier_95,13,1034,46,46,0,0,988,
2025-04-03,AppleWatch9,Supplier_91,27,938,15,15,0,0,923,
2025-04-03,AsusZenbook,Supplier_45,20,666,21,21,0,0,645,
2025-04-03,BeatsStudioPro,Supplier_84,23,767,22,22,0,0,745,
2025-04-03,BelkinDock,Supplier_116,20,783,26,26,0,0,757,
2025-04-03,BoseQC45,Supplier_75,20,584,19,19,0,0,565,
2025-04-03,DellXPS16,Supplier_38,22,557,17,17,0,0,540,
2025-04-03,EchoShow15,Supplier_140,27,2068,31,31,0,0,2037,
2025-04-03,FitbitCharge7,Supplier_100,27,1058,22,22,0,0,1036,
2025-04-03,GalaxyS24,Supplier_6,20,1363,44,44,0,0,1319,
2025-04-03,GalaxyS25,Supplier_8,27,1414,30,30,0,0,1384,
2025-04-03,GalaxyTabS10,Supplier_61,13,433,19,19,0,0,414,
2025-04-03,GalaxyTabS9,Supplier_59,27,1523,23,23,0,0,1500,
2025-04-03,GalaxyWatch7,Supplier_96,10,421,22,22,0,0,399,
2025-04-03,GarminVenu3,Supplier_103,10,178,9,9,0,0,169,
2025-04-03,HPEnvy360,Supplier_40,7,283,18,18,0,0,265,
2025-04-03,JBLFlip7,Supplier_78,10,272,14,14,0,0,258,
2025-04-03,JabraElite,Supplier_85,10,365,19,19,0,0,346,
2025-04-03,LenovoTab,Supplier_65,22,419,13,13,0,0,406,
2025-04-03,LenovoYoga,Supplier_43,21,917,26,26,0,0,891,
2025-04-03,LogitechMXKeys,Supplier_111,27,820,20,20,0,0,800,
2025-04-03,MacBookAirM3,Supplier_32,12,770,36,36,0,0,734,
2025-04-03,MacBookProM3,Supplier_35,19,590,19,19,0,0,571,
2025-04-03,MagSafeCharger,Supplier_108,27,489,1,1,0,0,488,
2025-04-03,MotorolaRazr,Supplier_27,6,345,24,24,0,0,321,
2025-04-03,NestHub3,Supplier_134,27,1496,27,27,0,0,1469,
2025-04-03,NintendoSwitch2,Supplier_127,27,954,23,23,0,0,931,
2025-04-03,OnePlus12,Supplier_16,10,701,37,37,0,0,664,
2025-04-03,OnePlus13,Supplier_19,27,1646,31,31,0,0,1615,
2025-04-03,PS5_Slim,Supplier_121,17,1993,72,72,0,0,1921,
2025-04-03,Pixel8,Supplier_10,13,427,18,18,0,0,409,
2025-04-03,Pixel9,Supplier_14,27,2928,42,42,0,0,2886,
2025-04-03,RazerBlade18,Supplier_133,27,2163,29,29,0,0,2134,
2025-04-03,RoborockS8,Supplier_137,25,1293,36,36,0,0,1257,
2025-04-03,RoombaJ9,Supplier_141,27,1801,28,28,0,0,1773,
2025-04-03,Samsung45W,Supplier_109,14,341,14,14,0,0,327,
2025-04-03,SanDisk1TB,Supplier_119,13,932,41,41,0,0,891,
2025-04-03,SennheiserMomentum,Supplier_81,22,692,21,21,0,0,671,
2025-04-03,SonyWH1000XM6,Supplier_72,17,958,35,35,0,0,923,
2025-04-03,SonyXperia,Supplier_29,5,334,25,25,0,0,309,
2025-04-03,SoundcoreLiberty,Supplier_89,20,947,28,28,0,0,919,
2025-04-03,SpigenCase,Supplier_118,27,1602,41,41,0,0,1561,
2025-04-03,SteamDeck2,Supplier_130,15,567,23,23,0,0,544,
2025-04-03,SurfacePro10,Supplier_47,27,1722,24,24,0,0,1698,
2025-04-03,XboxSeriesX,Supplier_125,11,959,47,47,0,0,912,
2025-04-03,Xiaomi14,Supplier_22,20,1170,38,38,0,0,1132,
2025-04-03,Xiaomi15,Supplier_25,23,1020,29,29,0,0,991,
2025-04-03,XiaomiBand8,Supplier_105,27,1765,25,25,0,0,1740,
2025-04-03,iPadAir,Supplier_58,13,354,16,16,0,0,338,
2025-04-03,iPadPro,Supplier_55,22,975,29,29,0,0,946,
2025-04-03,iPhone15,Supplier_3,14,413,17,17,0,0,396,
2025-04-03,iPhone16,Supplier_4,6,940,61,61,0,0,879,
2025-04-04,AcerSwift,Supplier_51,11,439,22,22,0,0,417,
2025-04-04,AirPodsPro3,Supplier_69,7,778,52,52,0,0,726,
2025-04-04,AmazonFire,Supplier_67,14,952,42,42,0,0,910,
2025-04-04,AnkerPowerBank,Supplier_114,26,1110,29,29,0,0,1081,
2025-04-04,AppleWatch10,Supplier_95,13,988,46,46,0,0,942,
2025-04-04,AppleWatch9,Supplier_91,26,923,15,15,0,0,908,
2025-04-04,AsusZenbook,Supplier_45,20,645,21,21,0,0,624,
2025-04-04,BeatsStudioPro,Supplier_84,23,745,22,22,0,0,723,
2025-04-04,BelkinDock,Supplier_116,20,757,26,26,0,0,731,
2025-04-04,BoseQC45,Supplier_75,20,565,19,19,0,0,546,
2025-04-04,DellXPS16,Supplier_38,22,540,17,17,0,0,523,
2025-04-04,EchoShow15,Supplier_140,26,2037,31,31,0,0,2006,
2025-04-04,FitbitCharge7,Supplier_100,26,1036,23,23,0,0,1013,
2025-04-04,GalaxyS24,Supplier_6,20,1319,48,48,0,0,1271,
2025-04-04,GalaxyS25,Supplier_8,26,1384,28,28,0,0,1356,
2025-04-04,GalaxyTabS10,Supplier_61,13,414,19,19,0,0,395,
2025-04-04,GalaxyTabS9,Supplier_59,26,1500,23,23,0,0,1477,
2025-04-04,GalaxyWatch7,Supplier_96,10,399,22,22,0,0,377,
2025-04-04,GarminVenu3,Supplier_103,10,169,9,9,0,0,160,
2025-04-04,HPEnvy360,Supplier_40,7,265,18,18,0,0,247,
2025-04-04,JBLFlip7,Supplier_78,10,258,14,14,0,0,244,
2025-04-04,JabraElite,Supplier_85,10,346,19,19,0,0,327,
2025-04-04,LenovoTab,Supplier_65,22,406,13,13,0,0,393,
2025-04-04,LenovoYoga,Supplier_43,21,891,29,29,0,0,862,
2025-04-04,LogitechMXKeys,Supplier_111,26,800,20,20,0,0,780,
2025-04-04,MacBookAirM3,Supplier_32,12,734,36,36,0,0,698,
2025-04-04,MacBookProM3,Supplier_35,19,571,19,19,0,0,552,
2025-04-04,MagSafeCharger,Supplier_108,26,488,1,1,0,0,487,
2025-04-04,MotorolaRazr,Supplier_27,6,321,24,24,0,0,297,
2025-04-04,NestHub3,Supplier_134,26,1469,27,27,0,0,1442,
2025-04-04,NintendoSwitch2,Supplier_127,26,931,23,23,0,0,908,
2025-04-04,OnePlus12,Supplier_16,10,664,37,37,0,0,627,
2025-04-04,OnePlus13,Supplier_19,26,1615,33,33,0,0,1582,
2025-04-04,PS5_Slim,Supplier_121,17,1921,72,72,0,0,1849,
2025-04-04,Pixel8,Supplier_10,13,409,18,18,0,0,391,
2025-04-04,Pixel9,Supplier_14,26,2886,42,42,0,0,2844,
2025-04-04,RazerBlade18,Supplier_133,26,2134,29,29,0,0,2105,
2025-04-04,RoborockS8,Supplier_137,25,1257,36,36,0,0,1221,
2025-04-04,RoombaJ9,Supplier_141,26,1773,28,28,0,0,1745,
2025-04-04,Samsung45W,Supplier_109,14,327,14,14,0,0,313,
2025-04-04,SanDisk1TB,Supplier_119,13,891,41,41,0,0,850,
2025-04-04,SennheiserMomentum,Supplier_81,22,671,21,21,0,0,650,
2025-04-04,SonyWH1000XM6,Supplier_72,17,923,35,35,0,0,888,
2025-04-04,SonyXperia,Supplier_29,5,309,25,25,0,0,284,
2025-04-04,SoundcoreLiberty,Supplier_89,20,919,31,31,0,0,888,
2025-04-04,SpigenCase,Supplier_118,26,1561,43,43,0,0,1518,
2025-04-04,SteamDeck2,Supplier_130,15,544,23,23,0,0,521,
2025-04-04,SurfacePro10,Supplier_47,26,1698,24,24,0,0,1674,
2025-04-04,XboxSeriesX,Supplier_125,11,912,47,47,0,0,865,
2025-04-04,Xiaomi14,Supplier_22,20,1132,38,38,0,0,1094,
2025-04-04,Xiaomi15,Supplier_25,23,991,29,29,0,0,962,
2025-04-04,XiaomiBand8,Supplier_105,26,1740,25,25,0,0,1715,
2025-04-04,iPadAir,Supplier_58,13,338,16,16,0,0,322,
2025-04-04,iPadPro,Supplier_55,22,946,29,29,0,0,917,
2025-04-04,iPhone15,Supplier_3,14,396,16,16,0,0,380,
2025-04-04,iPhone16,Supplier_4,6,879,61,61,0,0,818,
2025-04-05,AcerSwift,Supplier_51,11,417,22,22,0,0,395,
2025-04-05,AirPodsPro3,Supplier_69,7,726,52,52,0,0,674,
2025-04-05,AmazonFire,Supplier_67,14,910,39,39,0,0,871,
2025-04-05,AnkerPowerBank,Supplier_114,25,1081,29,29,0,0,1052,
2025-04-05,AppleWatch10,Supplier_95,13,942,46,46,0,0,896,
2025-04-05,AppleWatch9,Supplier_91,25,908,15,15,0,0,893,
2025-04-05,AsusZenbook,Supplier_45,20,624,21,21,0,0,603,
2025-04-05,BeatsStudioPro,Supplier_84,23,723,22,22,0,0,701,
2025-04-05,BelkinDock,Supplier_116,20,731,26,26,0,0,705,
2025-04-05,BoseQC45,Supplier_75,20,546,19,19,0,0,527,
2025-04-05,DellXPS16,Supplier_38,22,523,17,17,0,0,506,
2025-04-05,EchoShow15,Supplier_140,25,2006,27,27,0,0,1979,
2025-04-05,FitbitCharge7,Supplier_100,25,1013,22,22,0,0,991,
2025-04-05,GalaxyS24,Supplier_6,20,1271,48,48,0,0,1223,
2025-04-05,GalaxyS25,Supplier_8,25,1356,28,28,0,0,1328,
2025-04-05,GalaxyTabS10,Supplier_61,13,395,19,19,0,0,376,
2025-04-05,GalaxyTabS9,Supplier_59,25,1477,21,21,0,0,1456,
2025-04-05,GalaxyWatch7,Supplier_96,10,377,22,22,0,0,355,
2025-04-05,GarminVenu3,Supplier_103,10,160,9,9,0,0,151,
2025-04-05,HPEnvy360,Supplier_40,7,247,18,18,0,0,229,
2025-04-05,JBLFlip7,Supplier_78,10,244,14,14,0,0,230,
2025-04-05,JabraElite,Supplier_85,10,327,19,19,0,0,308,
2025-04-05,LenovoTab,Supplier_65,22,393,13,13,0,0,380,
2025-04-05,LenovoYoga,Supplier_43,21,862,26,26,0,0,836,
2025-04-05,LogitechMXKeys,Supplier_111,25,780,20,20,0,0,760,
2025-04-05,MacBookAirM3,Supplier_32,12,698,34,34,0,0,664,
2025-04-05,MacBookProM3,Supplier_35,19,552,19,19,0,0,533,
2025-04-05,MagSafeCharger,Supplier_108,25,487,1,1,0,0,486,
2025-04-05,MotorolaRazr,Supplier_27,6,297,22,22,0,0,275,
2025-04-05,NestHub3,Supplier_134,25,1442,27,27,0,0,1415,
2025-04-05,NintendoSwitch2,Supplier_127,25,908,25,25,0,0,883,
2025-04-05,OnePlus12,Supplier_16,10,627,37,37,0,0,590,
2025-04-05,OnePlus13,Supplier_19,25,1582,33,33,0,0,1549,
2025-04-05,PS5_Slim,Supplier_121,17,1849,72,72,0,0,1777,
2025-04-05,Pixel8,Supplier_10,13,391,18,18,0,0,373,
2025-04-05,Pixel9,Supplier_14,25,2844,42,42,0,0,2802,
2025-04-05,RazerBlade18,Supplier_133,25,2105,30,30,0,0,2075,
2025-04-05,RoborockS8,Supplier_137,25,1221,33,33,0,0,1188,
2025-04-05,RoombaJ9,Supplier_141,25,1745,28,28,0,0,1717,
2025-04-05,Samsung45W,Supplier_109,14,313,14,14,0,0,299,
2025-04-05,SanDisk1TB,Supplier_119,13,850,39,39,0,0,811,
2025-04-05,SennheiserMomentum,Supplier_81,22,650,21,21,0,0,629,
2025-04-05,SonyWH1000XM6,Supplier_72,17,888,35,35,0,0,853,
2025-04-05,SonyXperia,Supplier_29,5,284,25,25,0,0,259,
2025-04-05,SoundcoreLiberty,Supplier_89,20,888,28,28,0,0,860,
2025-04-05,SpigenCase,Supplier_118,25,1518,39,39,0,0,1479,
2025-04-05,SteamDeck2,Supplier_130,15,521,23,23,0,0,498,
2025-04-05,SurfacePro10,Supplier_47,25,1674,24,24,0,0,1650,
2025-04-05,XboxSeriesX,Supplier_125,11,865,47,47,0,0,818,
2025-04-05,Xiaomi14,Supplier_22,20,1094,36,36,0,0,1058,
2025-04-05,Xiaomi15,Supplier_25,23,962,29,29,0,0,933,
2025-04-05,XiaomiBand8,Supplier_105,25,1715,23,23,0,0,1692,
2025-04-05,iPadAir,Supplier_58,13,322,14,14,0,0,308,
2025-04-05,iPadPro,Supplier_55,22,917,32,32,0,0,885,
2025-04-05,iPhone15,Supplier_3,14,380,17,17,0,0,363,
2025-04-05,iPhone16,Supplier_4,6,818,61,61,0,0,757,
2025-04-06,AcerSwift,Supplier_51,11,395,22,22,0,0,373,
2025-04-06,AirPodsPro3,Supplier_69,7,674,52,52,0,0,622,
2025-04-06,AmazonFire,Supplier_67,14,871,39,39,0,0,832,
2025-04-06,AnkerPowerBank,Supplier_114,24,1052,29,29,0,0,1023,
2025-04-06,AppleWatch10,Supplier_95,13,896,46,46,0,0,850,
2025-04-06,AppleWatch9,Supplier_91,24,893,15,15,0,0,878,
2025-04-06,AsusZenbook,Supplier_45,20,603,21,21,0,0,582,
2025-04-06,BeatsStudioPro,Supplier_84,23,701,22,22,0,0,679,
2025-04-06,BelkinDock,Supplier_116,20,705,26,26,0,0,679,
2025-04-06,BoseQC45,Supplier_75,20,527,19,19,0,0,508,
2025-04-06,DellXPS16,Supplier_38,22,506,17,17,0,0,489,
2025-04-06,EchoShow15,Supplier_140,24,1979,31,31,0,0,1948,
2025-04-06,FitbitCharge7,Supplier_100,24,991,22,22,0,0,969,
2025-04-06,GalaxyS24,Supplier_6,20,1223,44,44,0,0,1179,
2025-04-06,GalaxyS25,Supplier_8,24,1328,28,28,0,0,1300,
2025-04-06,GalaxyTabS10,Supplier_61,13,376,19,19,0,0,357,
2025-04-06,GalaxyTabS9,Supplier_59,24,1456,21,21,0,0,1435,
2025-04-06,GalaxyWatch7,Supplier_96,10,355,22,22,0,0,333,
2025-04-06,GarminVenu3,Supplier_103,10,151,9,9,0,0,142,
2025-04-06,HPEnvy360,Supplier_40,7,229,18,18,0,0,211,
2025-04-06,JBLFlip7,Supplier_78,10,230,14,14,0,0,216,
2025-04-06,JabraElite,Supplier_85,10,308,19,19,0,0,289,
2025-04-06,LenovoTab,Supplier_65,22,380,13,13,0,0,367,
2025-04-06,LenovoYoga,Supplier_43,21,836,26,26,0,0,810,
2025-04-06,LogitechMXKeys,Supplier_111,24,760,20,20,0,0,740,
2025-04-06,MacBookAirM3,Supplier_32,12,664,36,36,0,0,628,
2025-04-06,MacBookProM3,Supplier_35,19,533,20,20,0,0,513,
2025-04-06,MagSafeCharger,Supplier_108,24,486,1,1,0,0,485,
2025-04-06,MotorolaRazr,Supplier_27,6,275,24,24,0,0,251,
2025-04-06,NestHub3,Supplier_134,24,1415,27,27,0,0,1388,
2025-04-06,NintendoSwitch2,Supplier_127,24,883,25,25,0,0,858,
2025-04-06,OnePlus12,Supplier_16,10,590,37,37,0,0,553,
2025-04-06,OnePlus13,Supplier_19,24,1549,31,31,0,0,1518,
2025-04-06,PS5_Slim,Supplier_121,17,1777,72,72,0,0,1705,
2025-04-06,Pixel8,Supplier_10,13,373,18,18,0,0,355,
2025-04-06,Pixel9,Supplier_14,24,2802,42,42,0,0,2760,
2025-04-06,RazerBlade18,Supplier_133,24,2075,30,30,0,0,2045,
2025-04-06,RoborockS8,Supplier_137,24,1188,33,33,0,0,1155,
2025-04-06,RoombaJ9,Supplier_141,24,1717,28,28,0,0,1689,
2025-04-06,Samsung45W,Supplier_109,14,299,14,14,0,0,285,
2025-04-06,SanDisk1TB,Supplier_119,13,811,41,41,0,0,770,
2025-04-06,SennheiserMomentum,Supplier_81,22,629,21,21,0,0,608,
2025-04-06,SonyWH1000XM6,Supplier_72,17,853,35,35,0,0,818,
2025-04-06,SonyXperia,Supplier_29,5,611,25,25,0,0,586,
2025-04-06,SoundcoreLiberty,Supplier_89,20,860,28,28,0,0,832,
2025-04-06,SpigenCase,Supplier_118,24,1479,39,39,0,0,1440,
2025-04-06,SteamDeck2,Supplier_130,15,498,23,23,0,0,475,
2025-04-06,SurfacePro10,Supplier_47,24,1650,24,24,0,0,1626,
2025-04-06,XboxSeriesX,Supplier_125,11,818,47,47,0,0,771,
2025-04-06,Xiaomi14,Supplier_22,20,1058,36,36,0,0,1022,
2025-04-06,Xiaomi15,Supplier_25,23,933,29,29,0,0,904,
2025-04-06,XiaomiBand8,Supplier_105,24,1692,23,23,0,0,1669,
2025-04-06,iPadAir,Supplier_58,13,308,16,16,0,0,292,
2025-04-06,iPadPro,Supplier_55,22,885,32,32,0,0,853,
2025-04-06,iPhone15,Supplier_3,14,363,17,17,0,0,346,
2025-04-06,iPhone16,Supplier_4,6,757,61,61,0,0,696,
2025-04-07,AcerSwift,Supplier_51,11,373,22,22,0,0,351,
2025-04-07,AirPodsPro3,Supplier_69,7,622,52,52,0,0,570,
2025-04-07,AmazonFire,Supplier_67,14,832,42,42,0,0,790,
2025-04-07,AnkerPowerBank,Supplier_114,23,1023,29,29,0,0,994,
2025-04-07,AppleWatch10,Supplier_95,13,850,46,46,0,0,804,
2025-04-07,AppleWatch9,Supplier_91,23,878,15,15,0,0,863,
2025-04-07,AsusZenbook,Supplier_45,20,582,21,21,0,0,561,
2025-04-07,BeatsStudioPro,Supplier_84,23,679,22,22,0,0,657,
2025-04-07,BelkinDock,Supplier_116,20,679,26,26,0,0,653,
2025-04-07,BoseQC45,Supplier_75,20,508,19,19,0,0,489,
2025-04-07,DellXPS16,Supplier_38,22,489,17,17,0,0,472,
2025-04-07,EchoShow15,Supplier_140,23,1948,31,31,0,0,1917,
2025-04-07,FitbitCharge7,Supplier_100,23,969,23,23,0,0,946,
2025-04-07,GalaxyS24,Supplier_6,20,1179,48,48,0,0,1131,
2025-04-07,GalaxyS25,Supplier_8,23,1300,28,28,0,0,1272,
2025-04-07,GalaxyTabS10,Supplier_61,13,357,19,19,0,0,338,
2025-04-07,GalaxyTabS9,Supplier_59,23,1435,21,21,0,0,1414,
2025-04-07,GalaxyWatch7,Supplier_96,10,333,22,22,0,0,311,
2025-04-07,GarminVenu3,Supplier_103,10,142,9,9,0,0,133,
2025-04-07,HPEnvy360,Supplier_40,7,211,18,18,0,0,193,
2025-04-07,JBLFlip7,Supplier_78,10,216,14,14,0,0,202,
2025-04-07,JabraElite,Supplier_85,10,289,19,19,0,0,270,
2025-04-07,LenovoTab,Supplier_65,22,367,13,13,0,0,354,
2025-04-07,LenovoYoga,Supplier_43,21,810,29,29,0,0,781,
2025-04-07,LogitechMXKeys,Supplier_111,23,740,20,20,0,0,720,
2025-04-07,MacBookAirM3,Supplier_32,12,628,36,36,0,0,592,
2025-04-07,MacBookProM3,Supplier_35,19,513,19,19,0,0,494,
2025-04-07,MagSafeCharger,Supplier_108,23,485,1,1,0,0,484,
2025-04-07,MotorolaRazr,Supplier_27,6,611,24,24,0,0,587,
2025-04-07,NestHub3,Supplier_134,23,1388,27,27,0,0,1361,
2025-04-07,NintendoSwitch2,Supplier_127,23,858,23,23,0,0,835,
2025-04-07,OnePlus12,Supplier_16,10,553,37,37,0,0,516,
2025-04-07,OnePlus13,Supplier_19,23,1518,33,33,0,0,1485,
2025-04-07,PS5_Slim,Supplier_121,17,1705,72,72,0,0,1633,
2025-04-07,Pixel8,Supplier_10,13,355,18,18,0,0,337,
2025-04-07,Pixel9,Supplier_14,23,2760,42,42,0,0,2718,
2025-04-07,RazerBlade18,Supplier_133,23,2045,30,30,0,0,2015,
2025-04-07,RoborockS8,Supplier_137,23,1155,33,33,0,0,1122,
2025-04-07,RoombaJ9,Supplier_141,23,1689,28,28,0,0,1661,
2025-04-07,Samsung45W,Supplier_109,14,285,14,14,0,0,271,
2025-04-07,SanDisk1TB,Supplier_119,13,770,41,41,0,0,729,
2025-04-07,SennheiserMomentum,Supplier_81,22,608,21,21,0,0,587,
2025-04-07,SonyWH1000XM6,Supplier_72,17,818,35,35,0,0,783,
2025-04-07,SonyXperia,Supplier_29,5,586,25,25,0,0,561,
2025-04-07,SoundcoreLiberty,Supplier_89,20,832,31,31,0,0,801,
2025-04-07,SpigenCase,Supplier_118,23,1440,39,39,0,0,1401,
2025-04-07,SteamDeck2,Supplier_130,15,475,23,23,0,0,452,
2025-04-07,SurfacePro10,Supplier_47,23,1626,24,24,0,0,1602,
2025-04-07,XboxSeriesX,Supplier_125,11,771,47,47,0,0,724,
2025-04-07,Xiaomi14,Supplier_22,20,1022,36,36,0,0,986,
2025-04-07,Xiaomi15,Supplier_25,23,904,29,29,0,0,875,
2025-04-07,XiaomiBand8,Supplier_105,23,1669,23,23,0,0,1646,
2025-04-07,iPadAir,Supplier_58,13,292,16,16,0,0,276,
2025-04-07,iPadPro,Supplier_55,22,853,29,29,0,0,824,
2025-04-07,iPhone15,Supplier_3,14,346,17,17,0,0,329,
2025-04-07,iPhone16,Supplier_4,6,1669,61,61,0,0,1608,
2025-04-08,AcerSwift,Supplier_51,11,351,22,22,0,0,329,
2025-04-08,AirPodsPro3,Supplier_69,7,1426,52,52,0,0,1374,
2025-04-08,AmazonFire,Supplier_67,14,790,42,42,0,0,748,
2025-04-08,AnkerPowerBank,Supplier_114,22,994,29,29,0,0,965,
2025-04-08,AppleWatch10,Supplier_95,13,804,46,46,0,0,758,
2025-04-08,AppleWatch9,Supplier_91,22,863,15,15,0,0,848,
2025-04-08,AsusZenbook,Supplier_45,20,561,21,21,0,0,540,
2025-04-08,BeatsStudioPro,Supplier_84,22,657,22,22,0,0,635,
2025-04-08,BelkinDock,Supplier_116,20,653,26,26,0,0,627,
2025-04-08,BoseQC45,Supplier_75,20,489,19,19,0,0,470,
2025-04-08,DellXPS16,Supplier_38,22,472,17,17,0,0,455,
2025-04-08,EchoShow15,Supplier_140,22,1917,31,31,0,0,1886,
2025-04-08,FitbitCharge7,Supplier_100,22,946,23,23,0,0,923,
2025-04-08,GalaxyS24,Supplier_6,20,1131,44,44,0,0,1087,
2025-04-08,GalaxyS25,Supplier_8,22,1272,28,28,0,0,1244,
2025-04-08,GalaxyTabS10,Supplier_61,13,338,19,19,0,0,319,
2025-04-08,GalaxyTabS9,Supplier_59,22,1414,23,23,0,0,1391,
2025-04-08,GalaxyWatch7,Supplier_96,10,311,22,22,0,0,289,
2025-04-08,GarminVenu3,Supplier_103,10,133,9,9,0,0,124,
2025-04-08,HPEnvy360,Supplier_40,7,485,18,18,0,0,467,
2025-04-08,JBLFlip7,Supplier_78,10,202,14,14,0,0,188,
2025-04-08,JabraElite,Supplier_85,10,270,19,19,0,0,251,
2025-04-08,LenovoTab,Supplier_65,22,354,13,13,0,0,341,
2025-04-08,LenovoYoga,Supplier_43,21,781,29,29,0,0,752,
2025-04-08,LogitechMXKeys,Supplier_111,22,720,20,20,0,0,700,
2025-04-08,MacBookAirM3,Supplier_32,12,592,34,34,0,0,558,
2025-04-08,MacBookProM3,Supplier_35,19,494,20,20,0,0,474,
2025-04-08,MagSafeCharger,Supplier_108,22,484,1,1,0,0,483,
2025-04-08,MotorolaRazr,Supplier_27,6,587,24,24,0,0,563,
2025-04-08,NestHub3,Supplier_134,22,1361,27,27,0,0,1334,
2025-04-08,NintendoSwitch2,Supplier_127,22,835,23,23,0,0,812,
2025-04-08,OnePlus12,Supplier_16,10,516,37,37,0,0,479,
2025-04-08,OnePlus13,Supplier_19,22,1485,31,31,0,0,1454,
2025-04-08,PS5_Slim,Supplier_121,17,1633,72,72,0,0,1561,
2025-04-08,Pixel8,Supplier_10,13,337,18,18,0,0,319,
2025-04-08,Pixel9,Supplier_14,22,2718,42,42,0,0,2676,
2025-04-08,RazerBlade18,Supplier_133,22,2015,30,30,0,0,1985,
2025-04-08,RoborockS8,Supplier_137,22,1122,36,36,0,0,1086,
2025-04-08,RoombaJ9,Supplier_141,22,1661,28,28,0,0,1633,
2025-04-08,Samsung45W,Supplier_109,14,271,14,14,0,0,257,
2025-04-08,SanDisk1TB,Supplier_119,13,729,39,39,0,0,690,
2025-04-08,SennheiserMomentum,Supplier_81,22,587,21,21,0,0,566,
2025-04-08,SonyWH1000XM6,Supplier_72,17,783,35,35,0,0,748,
2025-04-08,SonyXperia,Supplier_29,5,561,25,25,0,0,536,
2025-04-08,SoundcoreLiberty,Supplier_89,20,801,31,31,0,0,770,
2025-04-08,SpigenCase,Supplier_118,22,1401,40,40,0,0,1361,
2025-04-08,SteamDeck2,Supplier_130,15,452,23,23,0,0,429,
2025-04-08,SurfacePro10,Supplier_47,22,1602,24,24,0,0,1578,
2025-04-08,XboxSeriesX,Supplier_125,11,724,47,47,0,0,677,
2025-04-08,Xiaomi14,Supplier_22,20,986,38,38,0,0,948,
2025-04-08,Xiaomi15,Supplier_25,22,875,29,29,0,0,846,
2025-04-08,XiaomiBand8,Supplier_105,22,1646,25,25,0,0,1621,
2025-04-08,iPadAir,Supplier_58,13,276,16,16,0,0,260,
2025-04-08,iPadPro,Supplier_55,22,824,31,31,0,0,793,
2025-04-08,iPhone15,Supplier_3,14,329,17,17,0,0,312,
2025-04-08,iPhone16,Supplier_4,6,1608,61,61,0,0,1547,
2025-04-09,AcerSwift,Supplier_51,11,329,22,22,0,0,307,
2025-04-09,AirPodsPro3,Supplier_69,7,1374,52,52,0,0,1322,
2025-04-09,AmazonFire,Supplier_67,14,748,42,42,0,0,706,
2025-04-09,AnkerPowerBank,Supplier_114,21,965,29,29,0,0,936,
2025-04-09,AppleWatch10,Supplier_95,13,758,46,46,0,0,712,
2025-04-09,AppleWatch9,Supplier_91,21,848,15,15,0,0,833,
2025-04-09,AsusZenbook,Supplier_45,20,540,21,21,0,0,519,
2025-04-09,BeatsStudioPro,Supplier_84,21,635,22,22,0,0,613,
2025-04-09,BelkinDock,Supplier_116,20,627,26,26,0,0,601,
2025-04-09,BoseQC45,Supplier_75,20,470,19,19,0,0,451,
2025-04-09,DellXPS16,Supplier_38,21,455,17,17,0,0,438,
2025-04-09,EchoShow15,Supplier_140,21,1886,31,31,0,0,1855,
2025-04-09,FitbitCharge7,Supplier_100,21,923,23,23,0,0,900,
2025-04-09,GalaxyS24,Supplier_6,20,1087,48,48,0,0,1039,
2025-04-09,GalaxyS25,Supplier_8,21,1244,28,28,0,0,1216,
2025-04-09,GalaxyTabS10,Supplier_61,13,319,19,19,0,0,300,
2025-04-09,GalaxyTabS9,Supplier_59,21,1391,23,23,0,0,1368,
2025-04-09,GalaxyWatch7,Supplier_96,10,289,22,22,0,0,267,
2025-04-09,GarminVenu3,Supplier_103,10,124,9,9,0,0,115,
2025-04-09,HPEnvy360,Supplier_40,7,467,18,18,0,0,449,
2025-04-09,JBLFlip7,Supplier_78,10,188,14,14,0,0,174,
2025-04-09,JabraElite,Supplier_85,10,251,19,19,0,0,232,
2025-04-09,LenovoTab,Supplier_65,21,341,13,13,0,0,328,
2025-04-09,LenovoYoga,Supplier_43,21,752,29,29,0,0,723,
2025-04-09,LogitechMXKeys,Supplier_111,21,700,20,20,0,0,680,
2025-04-09,MacBookAirM3,Supplier_32,12,558,34,34,0,0,524,
2025-04-09,MacBookProM3,Supplier_35,19,474,20,20,0,0,454,
2025-04-09,MagSafeCharger,Supplier_108,21,483,1,1,0,0,482,
2025-04-09,MotorolaRazr,Supplier_27,6,563,24,24,0,360,539,2025-04-15
2025-04-09,NestHub3,Supplier_134,21,1334,27,27,0,0,1307,
2025-04-09,NintendoSwitch2,Supplier_127,21,812,23,23,0,0,789,
2025-04-09,OnePlus12,Supplier_16,10,479,37,37,0,0,442,
2025-04-09,OnePlus13,Supplier_19,21,1454,33,33,0,0,1421,
2025-04-09,PS5_Slim,Supplier_121,17,1561,72,72,0,0,1489,
2025-04-09,Pixel8,Supplier_10,13,319,18,18,0,0,301,
2025-04-09,Pixel9,Supplier_14,21,2676,42,42,0,0,2634,
2025-04-09,RazerBlade18,Supplier_133,21,1985,30,30,0,0,1955,
2025-04-09,RoborockS8,Supplier_137,21,1086,36,36,0,0,1050,
2025-04-09,RoombaJ9,Supplier_141,21,1633,28,28,0,0,1605,
2025-04-09,Samsung45W,Supplier_109,14,257,14,14,0,0,243,
2025-04-09,SanDisk1TB,Supplier_119,13,690,39,39,0,0,651,
2025-04-09,SennheiserMomentum,Supplier_81,21,566,21,21,0,0,545,
2025-04-09,SonyWH1000XM6,Supplier_72,17,748,35,35,0,0,713,
2025-04-09,SonyXperia,Supplier_29,5,536,25,25,0,352,511,2025-04-14
2025-04-09,SoundcoreLiberty,Supplier_89,20,770,31,31,0,0,739,
2025-04-09,SpigenCase,Supplier_118,21,1361,39,39,0,0,1322,
2025-04-09,SteamDeck2,Supplier_130,15,429,23,23,0,0,406,
2025-04-09,SurfacePro10,Supplier_47,21,1578,24,24,0,0,1554,
2025-04-09,XboxSeriesX,Supplier_125,11,677,47,47,0,0,630,
2025-04-09,Xiaomi14,Supplier_22,20,948,38,38,0,0,910,
2025-04-09,Xiaomi15,Supplier_25,21,846,29,29,0,0,817,
2025-04-09,XiaomiBand8,Supplier_105,21,1621,25,25,0,0,1596,
2025-04-09,iPadAir,Supplier_58,13,260,16,16,0,0,244,
2025-04-09,iPadPro,Supplier_55,21,793,31,31,0,0,762,
2025-04-09,iPhone15,Supplier_3,14,312,17,17,0,0,295,
2025-04-09,iPhone16,Supplier_4,6,1547,61,61,0,0,1486,
2025-04-10,AcerSwift,Supplier_51,11,307,22,22,0,0,285,
2025-04-10,AirPodsPro3,Supplier_69,7,1322,52,52,0,856,1270,2025-04-17
2025-04-10,AmazonFire,Supplier_67,14,706,42,42,0,0,664,
2025-04-10,AnkerPowerBank,Supplier_114,20,936,29,29,0,0,907,
2025-04-10,AppleWatch10,Supplier_95,13,712,46,46,0,0,666,
2025-04-10,AppleWatch9,Supplier_91,20,833,15,15,0,0,818,
2025-04-10,AsusZenbook,Supplier_45,20,519,21,21,0,0,498,
2025-04-10,BeatsStudioPro,Supplier_84,20,613,22,22,0,0,591,
2025-04-10,BelkinDock,Supplier_116,20,601,23,23,0,0,578,
2025-04-10,BoseQC45,Supplier_75,20,451,18,18,0,0,433,
2025-04-10,DellXPS16,Supplier_38,20,438,16,16,0,0,422,
2025-04-10,EchoShow15,Supplier_140,20,1855,31,31,0,0,1824,
2025-04-10,FitbitCharge7,Supplier_100,20,900,23,23,0,0,877,
2025-04-10,GalaxyS24,Supplier_6,20,1039,48,48,0,0,991,
2025-04-10,GalaxyS25,Supplier_8,20,1216,28,28,0,0,1188,
2025-04-10,GalaxyTabS10,Supplier_61,13,300,19,19,0,0,281,
2025-04-10,GalaxyTabS9,Supplier_59,20,1368,23,23,0,0,1345,
2025-04-10,GalaxyWatch7,Supplier_96,10,267,22,22,0,0,245,
2025-04-10,GarminVenu3,Supplier_103,10,115,9,9,0,0,106,
2025-04-10,HPEnvy360,Supplier_40,7,449,18,18,0,292,431,2025-04-17
2025-04-10,JBLFlip7,Supplier_78,10,174,14,14,0,0,160,
2025-04-10,JabraElite,Supplier_85,10,232,19,19,0,0,213,
2025-04-10,LenovoTab,Supplier_65,20,328,13,13,0,0,315,
2025-04-10,LenovoYoga,Supplier_43,20,723,29,29,0,0,694,
2025-04-10,LogitechMXKeys,Supplier_111,20,680,20,20,0,0,660,
2025-04-10,MacBookAirM3,Supplier_32,12,524,36,36,0,0,488,
2025-04-10,MacBookProM3,Supplier_35,19,454,20,20,0,0,434,
2025-04-10,MagSafeCharger,Supplier_108,20,482,1,1,0,0,481,
2025-04-10,MotorolaRazr,Supplier_27,6,539,24,24,0,0,515,
2025-04-10,NestHub3,Supplier_134,20,1307,23,23,0,0,1284,
2025-04-10,NintendoSwitch2,Supplier_127,20,789,23,23,0,0,766,
2025-04-10,OnePlus12,Supplier_16,10,442,32,32,0,0,410,
2025-04-10,OnePlus13,Supplier_19,20,1421,31,31,0,0,1390,
2025-04-10,PS5_Slim,Supplier_121,17,1489,72,72,0,0,1417,
2025-04-10,Pixel8,Supplier_10,13,301,18,18,0,0,283,
2025-04-10,Pixel9,Supplier_14,20,2634,42,42,0,0,2592,
2025-04-10,RazerBlade18,Supplier_133,20,1955,30,30,0,0,1925,
2025-04-10,RoborockS8,Supplier_137,20,1050,36,36,0,0,1014,
2025-04-10,RoombaJ9,Supplier_141,20,1605,28,28,0,0,1577,
2025-04-10,Samsung45W,Supplier_109,14,243,14,14,0,0,229,
2025-04-10,SanDisk1TB,Supplier_119,13,651,41,41,0,0,610,
2025-04-10,SennheiserMomentum,Supplier_81,20,545,21,21,0,0,524,
2025-04-10,SonyWH1000XM6,Supplier_72,17,713,35,35,0,0,678,
2025-04-10,SonyXperia,Supplier_29,5,511,25,25,0,0,486,
2025-04-10,SoundcoreLiberty,Supplier_89,20,739,31,31,0,0,708,
2025-04-10,SpigenCase,Supplier_118,20,1322,39,39,0,0,1283,
2025-04-10,SteamDeck2,Supplier_130,15,406,23,23,0,0,383,
2025-04-10,SurfacePro10,Supplier_47,20,1554,24,24,0,0,1530,
2025-04-10,XboxSeriesX,Supplier_125,11,630,47,47,0,0,583,
2025-04-10,Xiaomi14,Supplier_22,20,910,38,38,0,0,872,
2025-04-10,Xiaomi15,Supplier_25,20,817,29,29,0,0,788,
2025-04-10,XiaomiBand8,Supplier_105,20,1596,25,25,0,0,1571,
2025-04-10,iPadAir,Supplier_58,13,244,16,16,0,0,228,
2025-04-10,iPadPro,Supplier_55,20,762,31,31,0,0,731,
2025-04-10,iPhone15,Supplier_3,14,295,17,17,0,0,278,
2025-04-10,iPhone16,Supplier_4,6,1486,61,61,0,973,1425,2025-04-16
2025-04-11,AcerSwift,Supplier_51,11,285,22,22,0,0,263,
2025-04-11,AirPodsPro3,Supplier_69,7,1270,52,52,0,0,1218,
2025-04-11,AmazonFire,Supplier_67,14,664,42,42,0,0,622,
2025-04-11,AnkerPowerBank,Supplier_114,19,907,29,29,0,0,878,
2025-04-11,AppleWatch10,Supplier_95,13,666,46,46,0,0,620,
2025-04-11,AppleWatch9,Supplier_91,19,818,15,15,0,0,803,
2025-04-11,AsusZenbook,Supplier_45,19,498,21,21,0,0,477,
2025-04-11,BeatsStudioPro,Supplier_84,19,591,22,22,0,0,569,
2025-04-11,BelkinDock,Supplier_116,19,578,26,26,0,0,552,
2025-04-11,BoseQC45,Supplier_75,19,433,19,19,0,0,414,
2025-04-11,DellXPS16,Supplier_38,19,422,17,17,0,0,405,
2025-04-11,EchoShow15,Supplier_140,19,1824,31,31,0,0,1793,
2025-04-11,FitbitCharge7,Supplier_100,19,877,23,23,0,0,854,
2025-04-11,GalaxyS24,Supplier_6,19,991,48,48,0,0,943,
2025-04-11,GalaxyS25,Supplier_8,19,1188,28,28,0,0,1160,
2025-04-11,GalaxyTabS10,Supplier_61,13,281,19,19,0,0,262,
2025-04-11,GalaxyTabS9,Supplier_59,19,1345,23,23,0,0,1322,
2025-04-11,GalaxyWatch7,Supplier_96,10,671,22,22,0,426,649,2025-04-21
2025-04-11,GarminVenu3,Supplier_103,10,319,9,9,0,0,310,
2025-04-11,HPEnvy360,Supplier_40,7,431,18,18,0,0,413,
2025-04-11,JBLFlip7,Supplier_78,10,544,14,14,0,0,530,
2025-04-11,JabraElite,Supplier_85,10,677,19,19,0,0,658,
2025-04-11,LenovoTab,Supplier_65,19,315,13,13,0,0,302,
2025-04-11,LenovoYoga,Supplier_43,19,694,29,29,0,0,665,
2025-04-11,LogitechMXKeys,Supplier_111,19,660,20,20,0,0,640,
2025-04-11,MacBookAirM3,Supplier_32,12,488,34,34,0,0,454,
2025-04-11,MacBookProM3,Supplier_35,19,434,20,20,0,0,414,
2025-04-11,MagSafeCharger,Supplier_108,19,481,1,1,0,0,480,
2025-04-11,MotorolaRazr,Supplier_27,6,515,24,24,0,0,491,
2025-04-11,NestHub3,Supplier_134,19,1284,27,27,0,0,1257,
2025-04-11,NintendoSwitch2,Supplier_127,19,766,23,23,0,0,743,
2025-04-11,OnePlus12,Supplier_16,10,1120,37,37,0,710,1083,2025-04-21
2025-04-11,OnePlus13,Supplier_19,19,1390,31,31,0,0,1359,
2025-04-11,PS5_Slim,Supplier_121,17,1417,72,72,0,0,1345,
2025-04-11,Pixel8,Supplier_10,13,283,18,18,0,0,265,
2025-04-11,Pixel9,Supplier_14,19,2592,42,42,0,0,2550,
2025-04-11,RazerBlade18,Supplier_133,19,1925,30,30,0,0,1895,
2025-04-11,RoborockS8,Supplier_137,19,1014,36,36,0,0,978,
2025-04-11,RoombaJ9,Supplier_141,19,1577,28,28,0,0,1549,
2025-04-11,Samsung45W,Supplier_109,14,229,14,14,0,0,215,
2025-04-11,SanDisk1TB,Supplier_119,13,610,39,39,0,0,571,
2025-04-11,SennheiserMomentum,Supplier_81,19,524,21,21,0,0,503,
2025-04-11,SonyWH1000XM6,Supplier_72,17,678,35,35,0,0,643,
2025-04-11,SonyXperia,Supplier_29,5,486,25,25,0,0,461,
2025-04-11,SoundcoreLiberty,Supplier_89,19,708,31,31,0,0,677,
2025-04-11,SpigenCase,Supplier_118,19,1283,40,40,0,0,1243,
2025-04-11,SteamDeck2,Supplier_130,15,383,23,23,0,0,360,
2025-04-11,SurfacePro10,Supplier_47,19,1530,24,24,0,0,1506,
2025-04-11,XboxSeriesX,Supplier_125,11,583,47,47,0,0,536,
2025-04-11,Xiaomi14,Supplier_22,19,872,38,38,0,0,834,
2025-04-11,Xiaomi15,Supplier_25,19,788,29,29,0,0,759,
2025-04-11,XiaomiBand8,Supplier_105,19,1571,25,25,0,0,1546,
2025-04-11,iPadAir,Supplier_58,13,228,16,16,0,0,212,
2025-04-11,iPadPro,Supplier_55,19,731,31,31,0,0,700,
2025-04-11,iPhone15,Supplier_3,14,278,17,17,0,0,261,
2025-04-11,iPhone16,Supplier_4,6,1425,61,61,0,0,1364,
2025-04-12,AcerSwift,Supplier_51,11,748,22,22,0,485,726,2025-04-23
2025-04-12,AirPodsPro3,Supplier_69,7,1218,52,52,0,0,1166,
2025-04-12,AmazonFire,Supplier_67,14,622,42,42,0,0,580,
2025-04-12,AnkerPowerBank,Supplier_114,18,878,29,29,0,0,849,
2025-04-12,AppleWatch10,Supplier_95,13,620,46,46,0,0,574,
2025-04-12,AppleWatch9,Supplier_91,18,803,15,15,0,0,788,
2025-04-12,AsusZenbook,Supplier_45,18,477,21,21,0,0,456,
2025-04-12,BeatsStudioPro,Supplier_84,18,569,22,22,0,0,547,
2025-04-12,BelkinDock,Supplier_116,18,552,26,26,0,0,526,
2025-04-12,BoseQC45,Supplier_75,18,414,19,19,0,0,395,
2025-04-12,DellXPS16,Supplier_38,18,405,17,17,0,0,388,
2025-04-12,EchoShow15,Supplier_140,18,1793,27,27,0,0,1766,
2025-04-12,FitbitCharge7,Supplier_100,18,854,23,23,0,0,831,
2025-04-12,GalaxyS24,Supplier_6,18,943,44,44,0,0,899,
2025-04-12,GalaxyS25,Supplier_8,18,1160,28,28,0,0,1132,
2025-04-12,GalaxyTabS10,Supplier_61,13,262,19,19,0,0,243,
2025-04-12,GalaxyTabS9,Supplier_59,18,1322,23,23,0,0,1299,
2025-04-12,GalaxyWatch7,Supplier_96,10,649,22,22,0,0,627,
2025-04-12,GarminVenu3,Supplier_103,10,310,9,9,0,0,301,
2025-04-12,HPEnvy360,Supplier_40,7,413,18,18,0,0,395,
2025-04-12,JBLFlip7,Supplier_78,10,530,14,14,0,0,516,
2025-04-12,JabraElite,Supplier_85,10,658,19,19,0,0,639,
2025-04-12,LenovoTab,Supplier_65,18,302,13,13,0,0,289,
2025-04-12,LenovoYoga,Supplier_43,18,665,29,29,0,0,636,
2025-04-12,LogitechMXKeys,Supplier_111,18,640,20,20,0,0,620,
2025-04-12,MacBookAirM3,Supplier_32,12,454,36,36,0,0,418,
2025-04-12,MacBookProM3,Supplier_35,18,414,20,20,0,0,394,
2025-04-12,MagSafeCharger,Supplier_108,18,480,1,1,0,0,479,
2025-04-12,MotorolaRazr,Supplier_27,6,491,22,22,0,0,469,
2025-04-12,NestHub3,Supplier_134,18,1257,27,27,0,0,1230,
2025-04-12,NintendoSwitch2,Supplier_127,18,743,23,23,0,0,720,
2025-04-12,OnePlus12,Supplier_16,10,1083,37,37,0,0,1046,
2025-04-12,OnePlus13,Supplier_19,18,1359,33,33,0,0,1326,
2025-04-12,PS5_Slim,Supplier_121,17,1345,72,72,0,0,1273,
2025-04-12,Pixel8,Supplier_10,13,265,18,18,0,0,247,
2025-04-12,Pixel9,Supplier_14,18,2550,42,42,0,0,2508,
2025-04-12,RazerBlade18,Supplier_133,18,1895,30,30,0,0,1865,
2025-04-12,RoborockS8,Supplier_137,18,978,36,36,0,0,942,
2025-04-12,RoombaJ9,Supplier_141,18,1549,28,28,0,0,1521,
2025-04-12,Samsung45W,Supplier_109,14,215,14,14,0,0,201,
2025-04-12,SanDisk1TB,Supplier_119,13,571,41,41,0,0,530,
2025-04-12,SennheiserMomentum,Supplier_81,18,503,21,21,0,0,482,
2025-04-12,SonyWH1000XM6,Supplier_72,17,643,35,35,0,0,608,
2025-04-12,SonyXperia,Supplier_29,5,461,25,25,0,0,436,
2025-04-12,SoundcoreLiberty,Supplier_89,18,677,31,31,0,0,646,
2025-04-12,SpigenCase,Supplier_118,18,1243,40,40,0,0,1203,
2025-04-12,SteamDeck2,Supplier_130,15,360,23,23,0,0,337,
2025-04-12,SurfacePro10,Supplier_47,18,1506,24,24,0,0,1482,
2025-04-12,XboxSeriesX,Supplier_125,11,1502,47,47,0,966,1455,2025-04-23
2025-04-12,Xiaomi14,Supplier_22,18,834,38,38,0,0,796,
2025-04-12,Xiaomi15,Supplier_25,18,759,29,29,0,0,730,
2025-04-12,XiaomiBand8,Supplier_105,18,1546,25,25,0,0,1521,
2025-04-12,iPadAir,Supplier_58,13,212,14,14,0,0,198,
2025-04-12,iPadPro,Supplier_55,18,700,31,31,0,0,669,
2025-04-12,iPhone15,Supplier_3,14,261,17,17,0,0,244,
2025-04-12,iPhone16,Supplier_4,6,1364,61,61,0,0,1303,
2025-04-13,AcerSwift,Supplier_51,11,726,22,22,0,0,704,
2025-04-13,AirPodsPro3,Supplier_69,7,1166,52,52,0,0,1114,
2025-04-13,AmazonFire,Supplier_67,14,580,42,42,0,0,538,
2025-04-13,AnkerPowerBank,Supplier_114,17,849,29,29,0,0,820,
2025-04-13,AppleWatch10,Supplier_95,13,574,46,46,0,0,528,
2025-04-13,AppleWatch9,Supplier_91,17,788,15,15,0,0,773,
2025-04-13,AsusZenbook,Supplier_45,17,456,21,21,0,0,435,
2025-04-13,BeatsStudioPro,Supplier_84,17,547,22,22,0,0,525,
2025-04-13,BelkinDock,Supplier_116,17,526,26,26,0,0,500,
2025-04-13,BoseQC45,Supplier_75,17,395,19,19,0,0,376,
2025-04-13,DellXPS16,Supplier_38,17,388,17,17,0,0,371,
2025-04-13,EchoShow15,Supplier_140,17,1766,27,27,0,0,1739,
2025-04-13,FitbitCharge7,Supplier_100,17,831,23,23,0,0,808,
2025-04-13,GalaxyS24,Supplier_6,17,899,43,43,0,0,856,
2025-04-13,GalaxyS25,Supplier_8,17,1132,28,28,0,0,1104,
2025-04-13,GalaxyTabS10,Supplier_61,13,243,19,19,0,0,224,
2025-04-13,GalaxyTabS9,Supplier_59,17,1299,23,23,0,0,1276,
2025-04-13,GalaxyWatch7,Supplier_96,10,627,22,22,0,0,605,
2025-04-13,GarminVenu3,Supplier_103,10,301,9,9,0,0,292,
2025-04-13,HPEnvy360,Supplier_40,7,395,18,18,0,0,377,
2025-04-13,JBLFlip7,Supplier_78,10,516,14,14,0,0,502,
2025-04-13,JabraElite,Supplier_85,10,639,19,19,0,0,620,
2025-04-13,LenovoTab,Supplier_65,17,289,13,13,0,0,276,
2025-04-13,LenovoYoga,Supplier_43,17,636,29,29,0,0,607,
2025-04-13,LogitechMXKeys,Supplier_111,17,620,20,20,0,0,600,
2025-04-13,MacBookAirM3,Supplier_32,12,1187,36,36,0,769,1151,2025-04-25
2025-04-13,MacBookProM3,Supplier_35,17,394,19,19,0,0,375,
2025-04-13,MagSafeCharger,Supplier_108,17,479,1,1,0,0,478,
2025-04-13,MotorolaRazr,Supplier_27,6,469,22,22,0,0,447,
2025-04-13,NestHub3,Supplier_134,17,1230,27,27,0,0,1203,
2025-04-13,NintendoSwitch2,Supplier_127,17,720,23,23,0,0,697,
2025-04-13,OnePlus12,Supplier_16,10,1046,37,37,0,0,1009,
2025-04-13,OnePlus13,Supplier_19,17,1326,31,31,0,0,1295,
2025-04-13,PS5_Slim,Supplier_121,17,1273,72,72,0,0,1201,
2025-04-13,Pixel8,Supplier_10,13,247,18,18,0,0,229,
2025-04-13,Pixel9,Supplier_14,17,2508,42,42,0,0,2466,
2025-04-13,RazerBlade18,Supplier_133,17,1865,30,30,0,0,1835,
2025-04-13,RoborockS8,Supplier_137,17,942,36,36,0,0,906,
2025-04-13,RoombaJ9,Supplier_141,17,1521,28,28,0,0,1493,
2025-04-13,Samsung45W,Supplier_109,14,201,14,14,0,0,187,
2025-04-13,SanDisk1TB,Supplier_119,13,530,41,41,0,0,489,
2025-04-13,SennheiserMomentum,Supplier_81,17,482,21,21,0,0,461,
2025-04-13,SonyWH1000XM6,Supplier_72,17,608,35,35,0,0,573,
2025-04-13,SonyXperia,Supplier_29,5,436,25,25,0,0,411,
2025-04-13,SoundcoreLiberty,Supplier_89,17,646,31,31,0,0,615,
2025-04-13,SpigenCase,Supplier_118,17,1203,39,39,0,0,1164,
2025-04-13,SteamDeck2,Supplier_130,15,337,23,23,0,0,314,
2025-04-13,SurfacePro10,Supplier_47,17,1482,24,24,0,0,1458,
2025-04-13,XboxSeriesX,Supplier_125,11,1455,47,47,0,0,1408,
2025-04-13,Xiaomi14,Supplier_22,17,796,38,38,0,0,758,
2025-04-13,Xiaomi15,Supplier_25,17,730,29,29,0,0,701,
2025-04-13,XiaomiBand8,Supplier_105,17,1521,25,25,0,0,1496,
2025-04-13,iPadAir,Supplier_58,13,198,14,14,0,0,184,
2025-04-13,iPadPro,Supplier_55,17,669,28,28,0,0,641,
2025-04-13,iPhone15,Supplier_3,14,244,16,16,0,0,228,
2025-04-13,iPhone16,Supplier_4,6,1303,61,61,0,0,1242,
2025-04-14,AcerSwift,Supplier_51,11,704,22,22,0,0,682,
2025-04-14,AirPodsPro3,Supplier_69,7,1114,52,52,0,0,1062,
2025-04-14,AmazonFire,Supplier_67,14,538,42,42,0,0,496,
2025-04-14,AnkerPowerBank,Supplier_114,16,820,29,29,0,0,791,
2025-04-14,AppleWatch10,Supplier_95,13,1560,46,46,0,1032,1514,2025-04-27
2025-04-14,AppleWatch9,Supplier_91,16,773,14,14,0,0,759,
2025-04-14,AsusZenbook,Supplier_45,16,435,21,21,0,0,414,
2025-04-14,BeatsStudioPro,Supplier_84,16,525,22,22,0,0,503,
2025-04-14,BelkinDock,Supplier_116,16,500,26,26,0,0,474,
2025-04-14,BoseQC45,Supplier_75,16,376,19,19,0,0,357,
2025-04-14,DellXPS16,Supplier_38,16,371,17,17,0,0,354,
2025-04-14,EchoShow15,Supplier_140,16,1739,31,31,0,0,1708,
2025-04-14,FitbitCharge7,Supplier_100,16,808,23,23,0,0,785,
2025-04-14,GalaxyS24,Supplier_6,16,856,39,39,0,0,817,
2025-04-14,GalaxyS25,Supplier_8,16,1104,28,28,0,0,1076,
2025-04-14,GalaxyTabS10,Supplier_61,13,656,19,19,0,432,637,2025-04-27
2025-04-14,GalaxyTabS9,Supplier_59,16,1276,21,21,0,0,1255,
2025-04-14,GalaxyWatch7,Supplier_96,10,605,22,22,0,0,583,
2025-04-14,GarminVenu3,Supplier_103,10,292,9,9,0,0,283,
2025-04-14,HPEnvy360,Supplier_40,7,377,18,18,0,0,359,
2025-04-14,JBLFlip7,Supplier_78,10,502,14,14,0,0,488,
2025-04-14,JabraElite,Supplier_85,10,620,19,19,0,0,601,
2025-04-14,LenovoTab,Supplier_65,16,276,13,13,0,0,263,
2025-04-14,LenovoYoga,Supplier_43,16,607,29,29,0,0,578,
2025-04-14,LogitechMXKeys,Supplier_111,16,600,20,20,0,0,580,
2025-04-14,MacBookAirM3,Supplier_32,12,1151,36,36,0,0,1115,
2025-04-14,MacBookProM3,Supplier_35,16,375,20,20,0,0,355,
2025-04-14,MagSafeCharger,Supplier_108,16,478,1,1,0,0,477,
2025-04-14,MotorolaRazr,Supplier_27,6,447,24,24,0,0,423,
2025-04-14,NestHub3,Supplier_134,16,1203,27,27,0,0,1176,
2025-04-14,NintendoSwitch2,Supplier_127,16,697,23,23,0,0,674,
2025-04-14,OnePlus12,Supplier_16,10,1009,37,37,0,0,972,
2025-04-14,OnePlus13,Supplier_19,16,1295,31,31,0,0,1264,
2025-04-14,PS5_Slim,Supplier_121,16,1201,72,72,0,0,1129,
2025-04-14,Pixel8,Supplier_10,13,653,18,18,0,424,635,2025-04-27
2025-04-14,Pixel9,Supplier_14,16,2466,42,42,0,0,2424,
2025-04-14,RazerBlade18,Supplier_133,16,1835,30,30,0,0,1805,
2025-04-14,RoborockS8,Supplier_137,16,906,33,33,0,0,873,
2025-04-14,RoombaJ9,Supplier_141,16,1493,28,28,0,0,1465,
2025-04-14,Samsung45W,Supplier_109,14,187,14,14,0,0,173,
2025-04-14,SanDisk1TB,Supplier_119,13,1415,41,41,0,926,1374,2025-04-27
2025-04-14,SennheiserMomentum,Supplier_81,16,461,21,21,0,0,440,
2025-04-14,SonyWH1000XM6,Supplier_72,16,573,35,35,0,0,538,
2025-04-14,SonyXperia,Supplier_29,5,763,25,25,0,0,738,
2025-04-14,SoundcoreLiberty,Supplier_89,16,615,31,31,0,0,584,
2025-04-14,SpigenCase,Supplier_118,16,1164,40,40,0,0,1124,
2025-04-14,SteamDeck2,Supplier_130,15,314,23,23,0,0,291,
2025-04-14,SurfacePro10,Supplier_47,16,1458,24,24,0,0,1434,
2025-04-14,XboxSeriesX,Supplier_125,11,1408,47,47,0,0,1361,
2025-04-14,Xiaomi14,Supplier_22,16,758,36,36,0,0,722,
2025-04-14,Xiaomi15,Supplier_25,16,701,29,29,0,0,672,
2025-04-14,XiaomiBand8,Supplier_105,16,1496,23,23,0,0,1473,
2025-04-14,iPadAir,Supplier_58,13,538,16,16,0,354,522,2025-04-27
2025-04-14,iPadPro,Supplier_55,16,641,30,30,0,0,611,
2025-04-14,iPhone15,Supplier_3,14,228,16,16,0,0,212,
2025-04-14,iPhone16,Supplier_4,6,1242,61,61,0,0,1181,
2025-04-15,AcerSwift,Supplier_51,11,682,22,22,0,0,660,
2025-04-15,AirPodsPro3,Supplier_69,7,1062,52,52,0,0,1010,
2025-04-15,AmazonFire,Supplier_67,14,1475,42,42,0,979,1433,2025-04-29
2025-04-15,AnkerPowerBank,Supplier_114,15,791,29,29,0,0,762,
2025-04-15,AppleWatch10,Supplier_95,13,1514,46,46,0,0,1468,
2025-04-15,AppleWatch9,Supplier_91,15,759,15,15,0,0,744,
2025-04-15,AsusZenbook,Supplier_45,15,414,21,21,0,0,393,
2025-04-15,BeatsStudioPro,Supplier_84,15,503,22,22,0,0,481,
2025-04-15,BelkinDock,Supplier_116,15,474,26,26,0,0,448,
2025-04-15,BoseQC45,Supplier_75,15,357,19,19,0,0,338,
2025-04-15,DellXPS16,Supplier_38,15,354,17,17,0,0,337,
2025-04-15,EchoShow15,Supplier_140,15,1708,31,31,0,0,1677,
2025-04-15,FitbitCharge7,Supplier_100,15,785,23,23,0,0,762,
2025-04-15,GalaxyS24,Supplier_6,15,817,39,39,0,0,778,
2025-04-15,GalaxyS25,Supplier_8,15,1076,28,28,0,0,1048,
2025-04-15,GalaxyTabS10,Supplier_61,13,637,19,19,0,0,618,
2025-04-15,GalaxyTabS9,Supplier_59,15,1255,23,23,0,0,1232,
2025-04-15,GalaxyWatch7,Supplier_96,10,583,22,22,0,0,561,
2025-04-15,GarminVenu3,Supplier_103,10,283,9,9,0,213,274,2025-04-25
2025-04-15,HPEnvy360,Supplier_40,7,359,18,18,0,0,341,
2025-04-15,JBLFlip7,Supplier_78,10,488,14,14,0,0,474,
2025-04-15,JabraElite,Supplier_85,10,601,19,19,0,464,582,2025-04-25
2025-04-15,LenovoTab,Supplier_65,15,263,13,13,0,0,250,
2025-04-15,LenovoYoga,Supplier_43,15,578,29,29,0,0,549,
2025-04-15,LogitechMXKeys,Supplier_111,15,580,20,20,0,0,560,
2025-04-15,MacBookAirM3,Supplier_32,12,1115,36,36,0,0,1079,
2025-04-15,MacBookProM3,Supplier_35,15,355,19,19,0,0,336,
2025-04-15,MagSafeCharger,Supplier_108,15,477,1,1,0,0,476,
2025-04-15,MotorolaRazr,Supplier_27,6,783,24,24,0,0,759,
2025-04-15,NestHub3,Supplier_134,15,1176,27,27,0,0,1149,
2025-04-15,NintendoSwitch2,Supplier_127,15,674,23,23,0,0,651,
2025-04-15,OnePlus12,Supplier_16,10,972,37,37,0,0,935,
2025-04-15,OnePlus13,Supplier_19,15,1264,31,31,0,0,1233,
2025-04-15,PS5_Slim,Supplier_121,15,1129,72,72,0,0,1057,
2025-04-15,Pixel8,Supplier_10,13,635,18,18,0,0,617,
2025-04-15,Pixel9,Supplier_14,15,2424,42,42,0,0,2382,
2025-04-15,RazerBlade18,Supplier_133,15,1805,30,30,0,0,1775,
2025-04-15,RoborockS8,Supplier_137,15,873,36,36,0,0,837,
2025-04-15,RoombaJ9,Supplier_141,15,1465,28,28,0,0,1437,
2025-04-15,Samsung45W,Supplier_109,14,512,14,14,0,339,498,2025-04-29
2025-04-15,SanDisk1TB,Supplier_119,13,1374,41,41,0,0,1333,
2025-04-15,SennheiserMomentum,Supplier_81,15,440,21,21,0,0,419,
2025-04-15,SonyWH1000XM6,Supplier_72,15,538,35,35,0,0,503,
2025-04-15,SonyXperia,Supplier_29,5,738,25,25,0,0,713,
2025-04-15,SoundcoreLiberty,Supplier_89,15,584,31,31,0,0,553,
2025-04-15,SpigenCase,Supplier_118,15,1124,40,40,0,0,1084,
2025-04-15,SteamDeck2,Supplier_130,15,291,23,23,0,0,268,
2025-04-15,SurfacePro10,Supplier_47,15,1434,24,24,0,0,1410,
2025-04-15,XboxSeriesX,Supplier_125,11,1361,47,47,0,0,1314,
2025-04-15,Xiaomi14,Supplier_22,15,722,38,38,0,0,684,
2025-04-15,Xiaomi15,Supplier_25,15,672,29,29,0,0,643,
2025-04-15,XiaomiBand8,Supplier_105,15,1473,25,25,0,0,1448,
2025-04-15,iPadAir,Supplier_58,13,522,16,16,0,0,506,
2025-04-15,iPadPro,Supplier_55,15,611,28,28,0,0,583,
2025-04-15,iPhone15,Supplier_3,14,621,17,17,0,409,604,2025-04-29
2025-04-15,iPhone16,Supplier_4,6,1181,61,61,0,0,1120,
2025-04-16,AcerSwift,Supplier_51,11,660,22,22,0,0,638,
2025-04-16,AirPodsPro3,Supplier_69,7,1010,52,52,0,0,958,
2025-04-16,AmazonFire,Supplier_67,14,1433,42,42,0,0,1391,
2025-04-16,AnkerPowerBank,Supplier_114,14,762,27,27,0,0,735,
2025-04-16,AppleWatch10,Supplier_95,13,1468,45,45,0,0,1423,
2025-04-16,AppleWatch9,Supplier_91,14,744,15,15,0,0,729,
2025-04-16,AsusZenbook,Supplier_45,14,393,21,21,0,0,372,
2025-04-16,BeatsStudioPro,Supplier_84,14,481,22,22,0,0,459,
2025-04-16,BelkinDock,Supplier_116,14,448,26,26,0,0,422,
2025-04-16,BoseQC45,Supplier_75,14,338,19,19,0,0,319,
2025-04-16,DellXPS16,Supplier_38,14,337,17,17,0,0,320,
2025-04-16,EchoShow15,Supplier_140,14,1677,31,31,0,0,1646,
2025-04-16,FitbitCharge7,Supplier_100,14,762,23,23,0,0,739,
2025-04-16,GalaxyS24,Supplier_6,14,778,39,39,0,0,739,
2025-04-16,GalaxyS25,Supplier_8,14,1048,30,30,0,0,1018,
2025-04-16,GalaxyTabS10,Supplier_61,13,618,19,19,0,0,599,
2025-04-16,GalaxyTabS9,Supplier_59,14,1232,23,23,0,0,1209,
2025-04-16,GalaxyWatch7,Supplier_96,10,561,22,22,0,0,539,
2025-04-16,GarminVenu3,Supplier_103,10,274,9,9,0,0,265,
2025-04-16,HPEnvy360,Supplier_40,7,341,17,17,0,0,324,
2025-04-16,JBLFlip7,Supplier_78,10,474,14,14,0,0,460,
2025-04-16,JabraElite,Supplier_85,10,582,19,19,0,0,563,
2025-04-16,LenovoTab,Supplier_65,14,250,13,13,0,0,237,
2025-04-16,LenovoYoga,Supplier_43,14,549,29,29,0,0,520,
2025-04-16,LogitechMXKeys,Supplier_111,14,560,20,20,0,0,540,
2025-04-16,MacBookAirM3,Supplier_32,12,1079,36,36,0,0,1043,
2025-04-16,MacBookProM3,Supplier_35,14,336,20,20,0,0,316,
2025-04-16,MagSafeCharger,Supplier_108,14,476,1,1,0,0,475,
2025-04-16,MotorolaRazr,Supplier_27,6,759,24,24,0,0,735,
2025-04-16,NestHub3,Supplier_134,14,1149,27,27,0,0,1122,
2025-04-16,NintendoSwitch2,Supplier_127,14,651,25,25,0,0,626,
2025-04-16,OnePlus12,Supplier_16,10,935,37,37,0,0,898,
2025-04-16,OnePlus13,Supplier_19,14,1233,31,31,0,0,1202,
2025-04-16,PS5_Slim,Supplier_121,14,1057,72,72,0,0,985,
2025-04-16,Pixel8,Supplier_10,13,617,18,18,0,0,599,
2025-04-16,Pixel9,Supplier_14,14,2382,42,42,0,0,2340,
2025-04-16,RazerBlade18,Supplier_133,14,1775,30,30,0,0,1745,
2025-04-16,RoborockS8,Supplier_137,14,837,36,36,0,0,801,
2025-04-16,RoombaJ9,Supplier_141,14,1437,28,28,0,0,1409,
2025-04-16,Samsung45W,Supplier_109,14,498,14,14,0,0,484,
2025-04-16,SanDisk1TB,Supplier_119,13,1333,41,41,0,0,1292,
2025-04-16,SennheiserMomentum,Supplier_81,14,419,21,21,0,0,398,
2025-04-16,SonyWH1000XM6,Supplier_72,14,503,35,35,0,0,468,
2025-04-16,SonyXperia,Supplier_29,5,713,25,25,0,0,688,
2025-04-16,SoundcoreLiberty,Supplier_89,14,553,31,31,0,0,522,
2025-04-16,SpigenCase,Supplier_118,14,1084,40,40,0,0,1044,
2025-04-16,SteamDeck2,Supplier_130,14,830,23,23,0,562,807,2025-04-30
2025-04-16,SurfacePro10,Supplier_47,14,1410,24,24,0,0,1386,
2025-04-16,XboxSeriesX,Supplier_125,11,1314,47,47,0,0,1267,
2025-04-16,Xiaomi14,Supplier_22,14,684,38,38,0,0,646,
2025-04-16,Xiaomi15,Supplier_25,14,643,34,34,0,0,609,
2025-04-16,XiaomiBand8,Supplier_105,14,1448,25,25,0,0,1423,
2025-04-16,iPadAir,Supplier_58,13,506,16,16,0,0,490,
2025-04-16,iPadPro,Supplier_55,14,583,28,28,0,0,555,
2025-04-16,iPhone15,Supplier_3,14,604,17,17,0,0,587,
2025-04-16,iPhone16,Supplier_4,6,2093,61,61,0,0,2032,
2025-04-17,AcerSwift,Supplier_51,11,638,22,22,0,0,616,
2025-04-17,AirPodsPro3,Supplier_69,7,1814,52,52,0,0,1762,
2025-04-17,AmazonFire,Supplier_67,13,1391,42,42,0,0,1349,
2025-04-17,AnkerPowerBank,Supplier_114,13,735,29,29,0,0,706,
2025-04-17,AppleWatch10,Supplier_95,13,1423,45,45,0,0,1378,
2025-04-17,AppleWatch9,Supplier_91,13,729,14,14,0,0,715,
2025-04-17,AsusZenbook,Supplier_45,13,372,21,21,0,0,351,
2025-04-17,BeatsStudioPro,Supplier_84,13,459,22,22,0,0,437,
2025-04-17,BelkinDock,Supplier_116,13,422,26,26,0,0,396,
2025-04-17,BoseQC45,Supplier_75,13,319,19,19,0,0,300,
2025-04-17,DellXPS16,Supplier_38,13,320,17,17,0,0,303,
2025-04-17,EchoShow15,Supplier_140,13,1646,31,31,0,0,1615,
2025-04-17,FitbitCharge7,Supplier_100,13,739,23,23,0,0,716,
2025-04-17,GalaxyS24,Supplier_6,13,739,41,41,0,0,698,
2025-04-17,GalaxyS25,Supplier_8,13,1018,30,30,0,0,988,
2025-04-17,GalaxyTabS10,Supplier_61,13,599,19,19,0,0,580,
2025-04-17,GalaxyTabS9,Supplier_59,13,1209,23,23,0,0,1186,
2025-04-17,GalaxyWatch7,Supplier_96,10,539,22,22,0,0,517,
2025-04-17,GarminVenu3,Supplier_103,10,265,9,9,0,0,256,
2025-04-17,HPEnvy360,Supplier_40,7,616,18,18,0,0,598,
2025-04-17,JBLFlip7,Supplier_78,10,460,14,14,0,0,446,
2025-04-17,JabraElite,Supplier_85,10,563,19,19,0,0,544,
2025-04-17,LenovoTab,Supplier_65,13,237,13,13,0,0,224,
2025-04-17,LenovoYoga,Supplier_43,13,520,29,29,0,0,491,
2025-04-17,LogitechMXKeys,Supplier_111,13,540,20,20,0,0,520,
2025-04-17,MacBookAirM3,Supplier_32,12,1043,34,34,0,0,1009,
2025-04-17,MacBookProM3,Supplier_35,13,316,20,20,0,0,296,
2025-04-17,MagSafeCharger,Supplier_108,13,475,1,1,0,0,474,
2025-04-17,MotorolaRazr,Supplier_27,6,735,24,24,0,0,711,
2025-04-17,NestHub3,Supplier_134,13,1122,27,27,0,0,1095,
2025-04-17,NintendoSwitch2,Supplier_127,13,626,25,25,0,0,601,
2025-04-17,OnePlus12,Supplier_16,10,898,37,37,0,0,861,
2025-04-17,OnePlus13,Supplier_19,13,1202,31,31,0,0,1171,
2025-04-17,PS5_Slim,Supplier_121,13,985,72,72,0,0,913,
2025-04-17,Pixel8,Supplier_10,13,599,18,18,0,0,581,
2025-04-17,Pixel9,Supplier_14,13,2340,42,42,0,0,2298,
2025-04-17,RazerBlade18,Supplier_133,13,1745,30,30,0,0,1715,
2025-04-17,RoborockS8,Supplier_137,13,801,36,36,0,0,765,
2025-04-17,RoombaJ9,Supplier_141,13,1409,28,28,0,0,1381,
2025-04-17,Samsung45W,Supplier_109,13,484,14,14,0,0,470,
2025-04-17,SanDisk1TB,Supplier_119,13,1292,39,39,0,0,1253,
2025-04-17,SennheiserMomentum,Supplier_81,13,398,21,21,0,0,377,
2025-04-17,SonyWH1000XM6,Supplier_72,13,468,35,35,0,0,433,
2025-04-17,SonyXperia,Supplier_29,5,688,25,25,0,0,663,
2025-04-17,SoundcoreLiberty,Supplier_89,13,522,31,31,0,0,491,
2025-04-17,SpigenCase,Supplier_118,13,1044,39,39,0,0,1005,
2025-04-17,SteamDeck2,Supplier_130,13,807,23,23,0,0,784,
2025-04-17,SurfacePro10,Supplier_47,13,1386,24,24,0,0,1362,
2025-04-17,XboxSeriesX,Supplier_125,11,1267,46,46,0,0,1221,
2025-04-17,Xiaomi14,Supplier_22,13,646,38,38,0,0,608,
2025-04-17,Xiaomi15,Supplier_25,13,609,29,29,0,0,580,
2025-04-17,XiaomiBand8,Supplier_105,13,1423,25,25,0,0,1398,
2025-04-17,iPadAir,Supplier_58,13,490,16,16,0,0,474,
2025-04-17,iPadPro,Supplier_55,13,555,29,29,0,0,526,
2025-04-17,iPhone15,Supplier_3,13,587,17,17,0,0,570,
2025-04-17,iPhone16,Supplier_4,6,2032,61,61,0,0,1971,
2025-04-18,AcerSwift,Supplier_51,11,616,22,22,0,0,594,
2025-04-18,AirPodsPro3,Supplier_69,7,1762,52,52,0,0,1710,
2025-04-18,AmazonFire,Supplier_67,12,1349,42,42,0,0,1307,
2025-04-18,AnkerPowerBank,Supplier_114,12,706,29,29,0,0,677,
2025-04-18,AppleWatch10,Supplier_95,12,1378,45,45,0,0,1333,
2025-04-18,AppleWatch9,Supplier_91,12,715,14,14,0,0,701,
2025-04-18,AsusZenbook,Supplier_45,12,351,21,21,0,0,330,
2025-04-18,BeatsStudioPro,Supplier_84,12,437,22,22,0,0,415,
2025-04-18,BelkinDock,Supplier_116,12,396,26,26,0,0,370,
2025-04-18,BoseQC45,Supplier_75,12,300,19,19,0,0,281,
2025-04-18,DellXPS16,Supplier_38,12,303,17,17,0,0,286,
2025-04-18,EchoShow15,Supplier_140,12,1615,31,31,0,0,1584,
2025-04-18,FitbitCharge7,Supplier_100,12,716,23,23,0,0,693,
2025-04-18,GalaxyS24,Supplier_6,12,698,39,39,0,0,659,
2025-04-18,GalaxyS25,Supplier_8,12,988,28,28,0,0,960,
2025-04-18,GalaxyTabS10,Supplier_61,12,580,19,19,0,0,561,
2025-04-18,GalaxyTabS9,Supplier_59,12,1186,23,23,0,0,1163,
2025-04-18,GalaxyWatch7,Supplier_96,10,517,22,22,0,0,495,
2025-04-18,GarminVenu3,Supplier_103,10,256,9,9,0,0,247,
2025-04-18,HPEnvy360,Supplier_40,7,598,18,18,0,0,580,
2025-04-18,JBLFlip7,Supplier_78,10,446,14,14,0,0,432,
2025-04-18,JabraElite,Supplier_85,10,544,19,19,0,0,525,
2025-04-18,LenovoTab,Supplier_65,12,224,13,13,0,0,211,
2025-04-18,LenovoYoga,Supplier_43,12,491,29,29,0,0,462,
2025-04-18,LogitechMXKeys,Supplier_111,12,520,20,20,0,0,500,
2025-04-18,MacBookAirM3,Supplier_32,12,1009,36,36,0,0,973,
2025-04-18,MacBookProM3,Supplier_35,12,296,20,20,0,0,276,
2025-04-18,MagSafeCharger,Supplier_108,12,474,1,1,0,0,473,
2025-04-18,MotorolaRazr,Supplier_27,6,711,24,24,0,0,687,
2025-04-18,NestHub3,Supplier_134,12,1095,27,27,0,0,1068,
2025-04-18,NintendoSwitch2,Supplier_127,12,601,22,22,0,0,579,
2025-04-18,OnePlus12,Supplier_16,10,861,37,37,0,0,824,
2025-04-18,OnePlus13,Supplier_19,12,1171,31,31,0,0,1140,
2025-04-18,PS5_Slim,Supplier_121,12,2872,72,72,0,0,2800,
2025-04-18,Pixel8,Supplier_10,12,581,18,18,0,0,563,
2025-04-18,Pixel9,Supplier_14,12,2298,42,42,0,0,2256,
2025-04-18,RazerBlade18,Supplier_133,12,1715,30,30,0,0,1685,
2025-04-18,RoborockS8,Supplier_137,12,765,36,36,0,0,729,
2025-04-18,RoombaJ9,Supplier_141,12,1381,28,28,0,0,1353,
2025-04-18,Samsung45W,Supplier_109,12,470,14,14,0,0,456,
2025-04-18,SanDisk1TB,Supplier_119,12,1253,41,41,0,0,1212,
2025-04-18,SennheiserMomentum,Supplier_81,12,377,21,21,0,0,356,
2025-04-18,SonyWH1000XM6,Supplier_72,12,1376,35,35,0,0,1341,
2025-04-18,SonyXperia,Supplier_29,5,663,25,25,0,0,638,
2025-04-18,SoundcoreLiberty,Supplier_89,12,491,31,31,0,0,460,
2025-04-18,SpigenCase,Supplier_118,12,1005,40,40,0,0,965,
2025-04-18,SteamDeck2,Supplier_130,12,784,23,23,0,0,761,
2025-04-18,SurfacePro10,Supplier_47,12,1362,24,24,0,0,1338,
2025-04-18,XboxSeriesX,Supplier_125,11,1221,46,46,0,0,1175,
2025-04-18,Xiaomi14,Supplier_22,12,608,38,38,0,0,570,
2025-04-18,Xiaomi15,Supplier_25,12,580,34,34,0,0,546,
2025-04-18,XiaomiBand8,Supplier_105,12,1398,25,25,0,0,1373,
2025-04-18,iPadAir,Supplier_58,12,474,16,16,0,0,458,
2025-04-18,iPadPro,Supplier_55,12,526,29,29,0,0,497,
2025-04-18,iPhone15,Supplier_3,12,570,17,17,0,0,553,
2025-04-18,iPhone16,Supplier_4,6,1971,61,61,0,0,1910,
2025-04-19,AcerSwift,Supplier_51,11,594,22,22,0,0,572,
2025-04-19,AirPodsPro3,Supplier_69,7,1710,52,52,0,0,1658,
2025-04-19,AmazonFire,Supplier_67,11,1307,42,42,0,0,1265,
2025-04-19,AnkerPowerBank,Supplier_114,11,677,29,29,0,0,648,
2025-04-19,AppleWatch10,Supplier_95,11,1333,45,45,0,0,1288,
2025-04-19,AppleWatch9,Supplier_91,11,701,14,14,0,0,687,
2025-04-19,AsusZenbook,Supplier_45,11,330,21,21,0,0,309,
2025-04-19,BeatsStudioPro,Supplier_84,11,415,22,22,0,0,393,
2025-04-19,BelkinDock,Supplier_116,11,370,26,26,0,0,344,
2025-04-19,BoseQC45,Supplier_75,11,281,19,19,0,0,262,
2025-04-19,DellXPS16,Supplier_38,11,286,17,17,0,0,269,
2025-04-19,EchoShow15,Supplier_140,11,1584,31,31,0,0,1553,
2025-04-19,FitbitCharge7,Supplier_100,11,693,23,23,0,0,670,
2025-04-19,GalaxyS24,Supplier_6,11,659,39,39,0,0,620,
2025-04-19,GalaxyS25,Supplier_8,11,960,28,28,0,0,932,
2025-04-19,GalaxyTabS10,Supplier_61,11,561,19,19,0,0,542,
2025-04-19,GalaxyTabS9,Supplier_59,11,1163,23,23,0,0,1140,
2025-04-19,GalaxyWatch7,Supplier_96,10,495,22,22,0,0,473,
2025-04-19,GarminVenu3,Supplier_103,10,247,9,9,0,0,238,
2025-04-19,HPEnvy360,Supplier_40,7,580,18,18,0,0,562,
2025-04-19,JBLFlip7,Supplier_78,10,432,14,14,0,0,418,
2025-04-19,JabraElite,Supplier_85,10,525,19,19,0,0,506,
2025-04-19,LenovoTab,Supplier_65,11,211,13,13,0,0,198,
2025-04-19,LenovoYoga,Supplier_43,11,462,29,29,0,0,433,
2025-04-19,LogitechMXKeys,Supplier_111,11,500,20,20,0,0,480,
2025-04-19,MacBookAirM3,Supplier_32,11,973,34,34,0,0,939,
2025-04-19,MacBookProM3,Supplier_35,11,276,19,19,0,0,257,
2025-04-19,MagSafeCharger,Supplier_108,11,473,1,1,0,0,472,
2025-04-19,MotorolaRazr,Supplier_27,6,687,24,24,0,0,663,
2025-04-19,NestHub3,Supplier_134,11,1068,27,27,0,0,1041,
2025-04-19,NintendoSwitch2,Supplier_127,11,579,22,22,0,0,557,
2025-04-19,OnePlus12,Supplier_16,10,824,37,37,0,0,787,
2025-04-19,OnePlus13,Supplier_19,11,1140,31,31,0,0,1109,
2025-04-19,PS5_Slim,Supplier_121,11,2800,72,72,0,0,2728,
2025-04-19,Pixel8,Supplier_10,11,563,18,18,0,0,545,
2025-04-19,Pixel9,Supplier_14,11,2256,42,42,0,0,2214,
2025-04-19,RazerBlade18,Supplier_133,11,1685,30,30,0,0,1655,
2025-04-19,RoborockS8,Supplier_137,11,729,36,36,0,0,693,
2025-04-19,RoombaJ9,Supplier_141,11,1353,28,28,0,0,1325,
2025-04-19,Samsung45W,Supplier_109,11,456,14,14,0,0,442,
2025-04-19,SanDisk1TB,Supplier_119,11,1212,39,39,0,0,1173,
2025-04-19,SennheiserMomentum,Supplier_81,11,356,21,21,0,0,335,
2025-04-19,SonyWH1000XM6,Supplier_72,11,1341,35,35,0,0,1306,
2025-04-19,SonyXperia,Supplier_29,5,638,25,25,0,0,613,
2025-04-19,SoundcoreLiberty,Supplier_89,11,460,31,31,0,0,429,
2025-04-19,SpigenCase,Supplier_118,11,965,40,40,0,0,925,
2025-04-19,SteamDeck2,Supplier_130,11,761,23,23,0,0,738,
2025-04-19,SurfacePro10,Supplier_47,11,1338,24,24,0,0,1314,
2025-04-19,XboxSeriesX,Supplier_125,11,1175,46,46,0,0,1129,
2025-04-19,Xiaomi14,Supplier_22,11,570,38,38,0,0,532,
2025-04-19,Xiaomi15,Supplier_25,11,546,29,29,0,0,517,
2025-04-19,XiaomiBand8,Supplier_105,11,1373,25,25,0,0,1348,
2025-04-19,iPadAir,Supplier_58,11,458,16,16,0,0,442,
2025-04-19,iPadPro,Supplier_55,11,497,28,28,0,0,469,
2025-04-19,iPhone15,Supplier_3,11,553,17,17,0,0,536,
2025-04-19,iPhone16,Supplier_4,6,1910,61,61,0,0,1849,
2025-04-20,AcerSwift,Supplier_51,10,572,22,22,0,0,550,
2025-04-20,AirPodsPro3,Supplier_69,7,1658,52,52,0,0,1606,
2025-04-20,AmazonFire,Supplier_67,10,1265,42,42,0,0,1223,
2025-04-20,AnkerPowerBank,Supplier_114,10,648,29,29,0,0,619,
2025-04-20,AppleWatch10,Supplier_95,10,1288,45,45,0,0,1243,
2025-04-20,AppleWatch9,Supplier_91,10,687,14,14,0,0,673,
2025-04-20,AsusZenbook,Supplier_45,10,309,21,21,0,0,288,
2025-04-20,BeatsStudioPro,Supplier_84,10,393,22,22,0,0,371,
2025-04-20,BelkinDock,Supplier_116,10,344,23,23,0,0,321,
2025-04-20,BoseQC45,Supplier_75,10,262,18,18,0,0,244,
2025-04-20,DellXPS16,Supplier_38,10,269,16,16,0,0,253,
2025-04-20,EchoShow15,Supplier_140,10,1553,27,27,0,0,1526,
2025-04-20,FitbitCharge7,Supplier_100,10,670,23,23,0,0,647,
2025-04-20,GalaxyS24,Supplier_6,10,620,41,41,0,0,579,
2025-04-20,GalaxyS25,Supplier_8,10,932,30,30,0,0,902,
2025-04-20,GalaxyTabS10,Supplier_61,10,542,19,19,0,0,523,
2025-04-20,GalaxyTabS9,Supplier_59,10,1140,23,23,0,0,1117,
2025-04-20,GalaxyWatch7,Supplier_96,10,473,22,22,0,0,451,
2025-04-20,GarminVenu3,Supplier_103,10,238,9,9,0,0,229,
2025-04-20,HPEnvy360,Supplier_40,7,562,18,18,0,0,544,
2025-04-20,JBLFlip7,Supplier_78,10,418,14,14,0,0,404,
2025-04-20,JabraElite,Supplier_85,10,506,19,19,0,0,487,
2025-04-20,LenovoTab,Supplier_65,10,198,13,13,0,0,185,
2025-04-20,LenovoYoga,Supplier_43,10,433,29,29,0,0,404,
2025-04-20,LogitechMXKeys,Supplier_111,10,480,20,20,0,0,460,
2025-04-20,MacBookAirM3,Supplier_32,10,939,36,36,0,0,903,
2025-04-20,MacBookProM3,Supplier_35,10,834,19,19,0,0,815,
2025-04-20,MagSafeCharger,Supplier_108,10,472,1,1,0,0,471,
2025-04-20,MotorolaRazr,Supplier_27,6,663,22,22,0,0,641,
2025-04-20,NestHub3,Supplier_134,10,1041,23,23,0,0,1018,
2025-04-20,NintendoSwitch2,Supplier_127,10,557,22,22,0,0,535,
2025-04-20,OnePlus12,Supplier_16,10,787,32,32,0,0,755,
2025-04-20,OnePlus13,Supplier_19,10,1109,31,31,0,0,1078,
2025-04-20,PS5_Slim,Supplier_121,10,2728,72,72,0,0,2656,
2025-04-20,Pixel8,Supplier_10,10,545,18,18,0,0,527,
2025-04-20,Pixel9,Supplier_14,10,2214,42,42,0,0,2172,
2025-04-20,RazerBlade18,Supplier_133,10,1655,30,30,0,0,1625,
2025-04-20,RoborockS8,Supplier_137,10,693,36,36,0,0,657,
2025-04-20,RoombaJ9,Supplier_141,10,1325,28,28,0,0,1297,
2025-04-20,Samsung45W,Supplier_109,10,442,14,14,0,0,428,
2025-04-20,SanDisk1TB,Supplier_119,10,1173,41,41,0,0,1132,
2025-04-20,SennheiserMomentum,Supplier_81,10,335,21,21,0,0,314,
2025-04-20,SonyWH1000XM6,Supplier_72,10,1306,35,35,0,0,1271,
2025-04-20,SonyXperia,Supplier_29,5,613,25,25,0,0,588,
2025-04-20,SoundcoreLiberty,Supplier_89,10,429,31,31,0,0,398,
2025-04-20,SpigenCase,Supplier_118,10,925,39,39,0,0,886,
2025-04-20,SteamDeck2,Supplier_130,10,738,23,23,0,0,715,
2025-04-20,SurfacePro10,Supplier_47,10,1314,24,24,0,0,1290,
2025-04-20,XboxSeriesX,Supplier_125,10,1129,46,46,0,0,1083,
2025-04-20,Xiaomi14,Supplier_22,10,532,38,38,0,0,494,
2025-04-20,Xiaomi15,Supplier_25,10,517,29,29,0,0,488,
2025-04-20,XiaomiBand8,Supplier_105,10,1348,25,25,0,0,1323,
2025-04-20,iPadAir,Supplier_58,10,442,14,14,0,0,428,
2025-04-20,iPadPro,Supplier_55,10,469,29,29,0,0,440,
2025-04-20,iPhone15,Supplier_3,10,536,17,17,0,0,519,
2025-04-20,iPhone16,Supplier_4,6,1849,61,61,0,0,1788,
2025-04-21,AcerSwift,Supplier_51,9,550,22,22,0,0,528,
2025-04-21,AirPodsPro3,Supplier_69,7,1606,52,52,0,0,1554,
2025-04-21,AmazonFire,Supplier_67,9,1223,39,39,0,0,1184,
2025-04-21,AnkerPowerBank,Supplier_114,9,619,27,27,0,0,592,
2025-04-21,AppleWatch10,Supplier_95,9,1243,45,45,0,0,1198,
2025-04-21,AppleWatch9,Supplier_91,9,673,14,14,0,0,659,
2025-04-21,AsusZenbook,Supplier_45,9,937,21,21,0,0,916,
2025-04-21,BeatsStudioPro,Supplier_84,9,371,22,22,0,0,349,
2025-04-21,BelkinDock,Supplier_116,9,1087,23,23,0,0,1064,
2025-04-21,BoseQC45,Supplier_75,9,815,18,18,0,0,797,
2025-04-21,DellXPS16,Supplier_38,9,253,16,16,0,0,237,
2025-04-21,EchoShow15,Supplier_140,9,1526,27,27,0,0,1499,
2025-04-21,FitbitCharge7,Supplier_100,9,647,22,22,0,0,625,
2025-04-21,GalaxyS24,Supplier_6,9,1913,41,41,0,0,1872,
2025-04-21,GalaxyS25,Supplier_8,9,902,30,30,0,0,872,
2025-04-21,GalaxyTabS10,Supplier_61,9,523,19,19,0,0,504,
2025-04-21,GalaxyTabS9,Supplier_59,9,1117,23,23,0,0,1094,
2025-04-21,GalaxyWatch7,Supplier_96,9,877,22,22,0,0,855,
2025-04-21,GarminVenu3,Supplier_103,9,229,9,9,0,0,220,
2025-04-21,HPEnvy360,Supplier_40,7,544,17,17,0,0,527,
2025-04-21,JBLFlip7,Supplier_78,9,404,14,14,0,0,390,
2025-04-21,JabraElite,Supplier_85,9,487,19,19,0,0,468,
2025-04-21,LenovoTab,Supplier_65,9,185,13,13,0,0,172,
2025-04-21,LenovoYoga,Supplier_43,9,404,26,26,0,0,378,
2025-04-21,LogitechMXKeys,Supplier_111,9,460,20,20,0,0,440,
2025-04-21,MacBookAirM3,Supplier_32,9,903,34,34,0,0,869,
2025-04-21,MacBookProM3,Supplier_35,9,815,19,19,0,0,796,
2025-04-21,MagSafeCharger,Supplier_108,9,471,1,1,0,0,470,
2025-04-21,MotorolaRazr,Supplier_27,6,641,22,22,0,0,619,
2025-04-21,NestHub3,Supplier_134,9,1018,23,23,0,0,995,
2025-04-21,NintendoSwitch2,Supplier_127,9,535,22,22,0,0,513,
2025-04-21,OnePlus12,Supplier_16,9,1465,32,32,0,0,1433,
2025-04-21,OnePlus13,Supplier_19,9,1078,31,31,0,0,1047,
2025-04-21,PS5_Slim,Supplier_121,9,2656,72,72,0,0,2584,
2025-04-21,Pixel8,Supplier_10,9,527,18,18,0,0,509,
2025-04-21,Pixel9,Supplier_14,9,2172,42,42,0,0,2130,
2025-04-21,RazerBlade18,Supplier_133,9,1625,30,30,0,0,1595,
2025-04-21,RoborockS8,Supplier_137,9,657,36,36,0,0,621,
2025-04-21,RoombaJ9,Supplier_141,9,1297,28,28,0,0,1269,
2025-04-21,Samsung45W,Supplier_109,9,428,14,14,0,0,414,
2025-04-21,SanDisk1TB,Supplier_119,9,1132,39,39,0,0,1093,
2025-04-21,SennheiserMomentum,Supplier_81,9,314,21,21,0,0,293,
2025-04-21,SonyWH1000XM6,Supplier_72,9,1271,35,35,0,0,1236,
2025-04-21,SonyXperia,Supplier_29,5,588,25,25,0,0,563,
2025-04-21,SoundcoreLiberty,Supplier_89,9,1317,28,28,0,0,1289,
2025-04-21,SpigenCase,Supplier_118,9,886,39,39,0,0,847,
2025-04-21,SteamDeck2,Supplier_130,9,715,23,23,0,0,692,
2025-04-21,SurfacePro10,Supplier_47,9,1290,24,24,0,0,1266,
2025-04-21,XboxSeriesX,Supplier_125,9,1083,46,46,0,0,1037,
2025-04-21,Xiaomi14,Supplier_22,9,1635,38,38,0,0,1597,
2025-04-21,Xiaomi15,Supplier_25,9,488,29,29,0,0,459,
2025-04-21,XiaomiBand8,Supplier_105,9,1323,25,25,0,0,1298,
2025-04-21,iPadAir,Supplier_58,9,428,14,14,0,0,414,
2025-04-21,iPadPro,Supplier_55,9,440,29,29,0,0,411,
2025-04-21,iPhone15,Supplier_3,9,519,17,17,0,0,502,
2025-04-21,iPhone16,Supplier_4,6,1788,61,61,0,0,1727,
2025-04-22,AcerSwift,Supplier_51,8,528,22,22,0,0,506,
2025-04-22,AirPodsPro3,Supplier_69,7,1554,52,52,0,0,1502,
2025-04-22,AmazonFire,Supplier_67,8,1184,42,42,0,0,1142,
2025-04-22,AnkerPowerBank,Supplier_114,8,592,27,27,0,0,565,
2025-04-22,AppleWatch10,Supplier_95,8,1198,45,45,0,0,1153,
2025-04-22,AppleWatch9,Supplier_91,8,659,14,14,0,0,645,
2025-04-22,AsusZenbook,Supplier_45,8,916,21,21,0,0,895,
2025-04-22,BeatsStudioPro,Supplier_84,8,349,22,22,0,0,327,
2025-04-22,BelkinDock,Supplier_116,8,1064,26,26,0,0,1038,
2025-04-22,BoseQC45,Supplier_75,8,797,19,19,0,0,778,
2025-04-22,DellXPS16,Supplier_38,8,237,17,17,0,0,220,
2025-04-22,EchoShow15,Supplier_140,8,1499,27,27,0,0,1472,
2025-04-22,FitbitCharge7,Supplier_100,8,625,23,23,0,0,602,
2025-04-22,GalaxyS24,Supplier_6,8,1872,39,39,0,0,1833,
2025-04-22,GalaxyS25,Supplier_8,8,872,28,28,0,0,844,
2025-04-22,GalaxyTabS10,Supplier_61,8,504,19,19,0,0,485,
2025-04-22,GalaxyTabS9,Supplier_59,8,1094,23,23,0,0,1071,
2025-04-22,GalaxyWatch7,Supplier_96,8,855,22,22,0,0,833,
2025-04-22,GarminVenu3,Supplier_103,8,220,9,9,0,0,211,
2025-04-22,HPEnvy360,Supplier_40,7,527,17,17,0,0,510,
2025-04-22,JBLFlip7,Supplier_78,8,390,14,14,0,0,376,
2025-04-22,JabraElite,Supplier_85,8,468,19,19,0,0,449,
2025-04-22,LenovoTab,Supplier_65,8,172,13,13,0,0,159,
2025-04-22,LenovoYoga,Supplier_43,8,1266,29,29,0,0,1237,
2025-04-22,LogitechMXKeys,Supplier_111,8,440,20,20,0,0,420,
2025-04-22,MacBookAirM3,Supplier_32,8,869,34,34,0,0,835,
2025-04-22,MacBookProM3,Supplier_35,8,796,20,20,0,0,776,
2025-04-22,MagSafeCharger,Supplier_108,8,470,1,1,0,0,469,
2025-04-22,MotorolaRazr,Supplier_27,6,619,22,22,0,0,597,
2025-04-22,NestHub3,Supplier_134,8,995,27,27,0,0,968,
2025-04-22,NintendoSwitch2,Supplier_127,8,513,22,22,0,0,491,
2025-04-22,OnePlus12,Supplier_16,8,1433,37,37,0,0,1396,
2025-04-22,OnePlus13,Supplier_19,8,1047,31,31,0,0,1016,
2025-04-22,PS5_Slim,Supplier_121,8,2584,72,72,0,0,2512,
2025-04-22,Pixel8,Supplier_10,8,509,18,18,0,0,491,
2025-04-22,Pixel9,Supplier_14,8,2130,42,42,0,0,2088,
2025-04-22,RazerBlade18,Supplier_133,8,1595,30,30,0,0,1565,
2025-04-22,RoborockS8,Supplier_137,8,621,36,36,0,0,585,
2025-04-22,RoombaJ9,Supplier_141,8,1269,28,28,0,0,1241,
2025-04-22,Samsung45W,Supplier_109,8,414,14,14,0,0,400,
2025-04-22,SanDisk1TB,Supplier_119,8,1093,39,39,0,0,1054,
2025-04-22,SennheiserMomentum,Supplier_81,8,293,21,21,0,0,272,
2025-04-22,SonyWH1000XM6,Supplier_72,8,1236,35,35,0,0,1201,
2025-04-22,SonyXperia,Supplier_29,5,563,25,25,0,0,538,
2025-04-22,SoundcoreLiberty,Supplier_89,8,1289,31,31,0,0,1258,
2025-04-22,SpigenCase,Supplier_118,8,847,39,39,0,0,808,
2025-04-22,SteamDeck2,Supplier_130,8,692,23,23,0,0,669,
2025-04-22,SurfacePro10,Supplier_47,8,1266,24,24,0,0,1242,
2025-04-22,XboxSeriesX,Supplier_125,8,1037,46,46,0,0,991,
2025-04-22,Xiaomi14,Supplier_22,8,1597,38,38,0,0,1559,
2025-04-22,Xiaomi15,Supplier_25,8,459,29,29,0,0,430,
2025-04-22,XiaomiBand8,Supplier_105,8,1298,25,25,0,0,1273,
2025-04-22,iPadAir,Supplier_58,8,414,14,14,0,0,400,
2025-04-22,iPadPro,Supplier_55,8,411,28,28,0,0,383,
2025-04-22,iPhone15,Supplier_3,8,502,16,16,0,0,486,
2025-04-22,iPhone16,Supplier_4,6,1727,61,61,0,0,1666,
2025-04-23,AcerSwift,Supplier_51,7,991,22,22,0,0,969,
2025-04-23,AirPodsPro3,Supplier_69,7,1502,52,52,0,0,1450,
2025-04-23,AmazonFire,Supplier_67,7,1142,42,42,0,0,1100,
2025-04-23,AnkerPowerBank,Supplier_114,7,565,27,27,0,0,538,
2025-04-23,AppleWatch10,Supplier_95,7,1153,45,45,0,0,1108,
2025-04-23,AppleWatch9,Supplier_91,7,645,14,14,0,0,631,
2025-04-23,AsusZenbook,Supplier_45,7,895,21,21,0,0,874,
2025-04-23,BeatsStudioPro,Supplier_84,7,327,22,22,0,0,305,
2025-04-23,BelkinDock,Supplier_116,7,1038,26,26,0,0,1012,
2025-04-23,BoseQC45,Supplier_75,7,778,19,19,0,0,759,
2025-04-23,DellXPS16,Supplier_38,7,761,17,17,0,0,744,
2025-04-23,EchoShow15,Supplier_140,7,1472,31,31,0,0,1441,
2025-04-23,FitbitCharge7,Supplier_100,7,602,23,23,0,0,579,
2025-04-23,GalaxyS24,Supplier_6,7,1833,41,41,0,0,1792,
2025-04-23,GalaxyS25,Supplier_8,7,844,28,28,0,0,816,
2025-04-23,GalaxyTabS10,Supplier_61,7,485,19,19,0,0,466,
2025-04-23,GalaxyTabS9,Supplier_59,7,1071,23,23,0,0,1048,
2025-04-23,GalaxyWatch7,Supplier_96,7,833,22,22,0,0,811,
2025-04-23,GarminVenu3,Supplier_103,7,211,9,9,0,0,202,
2025-04-23,HPEnvy360,Supplier_40,7,510,17,17,0,0,493,
2025-04-23,JBLFlip7,Supplier_78,7,376,14,14,0,0,362,
2025-04-23,JabraElite,Supplier_85,7,449,19,19,0,0,430,
2025-04-23,LenovoTab,Supplier_65,7,567,13,13,0,0,554,
2025-04-23,LenovoYoga,Supplier_43,7,1237,29,29,0,0,1208,
2025-04-23,LogitechMXKeys,Supplier_111,7,420,20,20,0,0,400,
2025-04-23,MacBookAirM3,Supplier_32,7,835,36,36,0,0,799,
2025-04-23,MacBookProM3,Supplier_35,7,776,20,20,0,0,756,
2025-04-23,MagSafeCharger,Supplier_108,7,469,1,1,0,0,468,
2025-04-23,MotorolaRazr,Supplier_27,6,597,24,24,0,0,573,
2025-04-23,NestHub3,Supplier_134,7,968,27,27,0,0,941,
2025-04-23,NintendoSwitch2,Supplier_127,7,491,22,22,0,0,469,
2025-04-23,OnePlus12,Supplier_16,7,1396,37,37,0,0,1359,
2025-04-23,OnePlus13,Supplier_19,7,1016,31,31,0,0,985,
2025-04-23,PS5_Slim,Supplier_121,7,2512,72,72,0,0,2440,
2025-04-23,Pixel8,Supplier_10,7,491,18,18,0,0,473,
2025-04-23,Pixel9,Supplier_14,7,2088,42,42,0,0,2046,
2025-04-23,RazerBlade18,Supplier_133,7,1565,30,30,0,0,1535,
2025-04-23,RoborockS8,Supplier_137,7,585,36,36,0,0,549,
2025-04-23,RoombaJ9,Supplier_141,7,1241,28,28,0,0,1213,
2025-04-23,Samsung45W,Supplier_109,7,400,14,14,0,0,386,
2025-04-23,SanDisk1TB,Supplier_119,7,1054,41,41,0,0,1013,
2025-04-23,SennheiserMomentum,Supplier_81,7,943,21,21,0,0,922,
2025-04-23,SonyWH1000XM6,Supplier_72,7,1201,35,35,0,0,1166,
2025-04-23,SonyXperia,Supplier_29,5,538,25,25,0,0,513,
2025-04-23,SoundcoreLiberty,Supplier_89,7,1258,31,31,0,0,1227,
2025-04-23,SpigenCase,Supplier_118,7,808,40,40,0,0,768,
2025-04-23,SteamDeck2,Supplier_130,7,669,23,23,0,0,646,
2025-04-23,SurfacePro10,Supplier_47,7,1242,24,24,0,0,1218,
2025-04-23,XboxSeriesX,Supplier_125,7,1957,46,46,0,0,1911,
2025-04-23,Xiaomi14,Supplier_22,7,1559,38,38,0,0,1521,
2025-04-23,Xiaomi15,Supplier_25,7,430,29,29,0,0,401,
2025-04-23,XiaomiBand8,Supplier_105,7,1273,25,25,0,0,1248,
2025-04-23,iPadAir,Supplier_58,7,400,16,16,0,0,384,
2025-04-23,iPadPro,Supplier_55,7,1335,28,28,0,0,1307,
2025-04-23,iPhone15,Supplier_3,7,486,17,17,0,0,469,
2025-04-23,iPhone16,Supplier_4,6,1666,61,61,0,0,1605,
2025-04-24,AcerSwift,Supplier_51,6,969,22,22,0,0,947,
2025-04-24,AirPodsPro3,Supplier_69,6,1450,52,52,0,0,1398,
2025-04-24,AmazonFire,Supplier_67,6,1100,42,42,0,0,1058,
2025-04-24,AnkerPowerBank,Supplier_114,6,538,29,29,0,0,509,
2025-04-24,AppleWatch10,Supplier_95,6,1108,45,45,0,0,1063,
2025-04-24,AppleWatch9,Supplier_91,6,631,14,14,0,0,617,
2025-04-24,AsusZenbook,Supplier_45,6,874,21,21,0,0,853,
2025-04-24,BeatsStudioPro,Supplier_84,6,1048,22,22,0,0,1026,
2025-04-24,BelkinDock,Supplier_116,6,1012,23,23,0,0,989,
2025-04-24,BoseQC45,Supplier_75,6,759,18,18,0,0,741,
2025-04-24,DellXPS16,Supplier_38,6,744,16,16,0,0,728,
2025-04-24,EchoShow15,Supplier_140,6,1441,27,27,0,0,1414,
2025-04-24,FitbitCharge7,Supplier_100,6,579,23,23,0,0,556,
2025-04-24,GalaxyS24,Supplier_6,6,1792,41,41,0,0,1751,
2025-04-24,GalaxyS25,Supplier_8,6,816,30,30,0,0,786,
2025-04-24,GalaxyTabS10,Supplier_61,6,466,19,19,0,0,447,
2025-04-24,GalaxyTabS9,Supplier_59,6,1048,21,21,0,0,1027,
2025-04-24,GalaxyWatch7,Supplier_96,6,811,22,22,0,0,789,
2025-04-24,GarminVenu3,Supplier_103,6,202,9,9,0,0,193,
2025-04-24,HPEnvy360,Supplier_40,6,493,18,18,0,0,475,
2025-04-24,JBLFlip7,Supplier_78,6,362,14,14,0,0,348,
2025-04-24,JabraElite,Supplier_85,6,430,19,19,0,0,411,
2025-04-24,LenovoTab,Supplier_65,6,554,13,13,0,0,541,
2025-04-24,LenovoYoga,Supplier_43,6,1208,29,29,0,0,1179,
2025-04-24,LogitechMXKeys,Supplier_111,6,400,20,20,0,0,380,
2025-04-24,MacBookAirM3,Supplier_32,6,799,35,35,0,0,764,
2025-04-24,MacBookProM3,Supplier_35,6,756,20,20,0,0,736,
2025-04-24,MagSafeCharger,Supplier_108,6,468,1,1,0,0,467,
2025-04-24,MotorolaRazr,Supplier_27,6,573,22,22,0,0,551,
2025-04-24,NestHub3,Supplier_134,6,941,23,23,0,0,918,
2025-04-24,NintendoSwitch2,Supplier_127,6,469,22,22,0,0,447,
2025-04-24,OnePlus12,Supplier_16,6,1359,32,32,0,0,1327,
2025-04-24,OnePlus13,Supplier_19,6,985,31,31,0,0,954,
2025-04-24,PS5_Slim,Supplier_121,6,2440,72,72,0,0,2368,
2025-04-24,Pixel8,Supplier_10,6,473,18,18,0,0,455,
2025-04-24,Pixel9,Supplier_14,6,2046,42,42,0,0,2004,
2025-04-24,RazerBlade18,Supplier_133,6,1535,30,30,0,0,1505,
2025-04-24,RoborockS8,Supplier_137,6,549,33,33,0,0,516,
2025-04-24,RoombaJ9,Supplier_141,6,1213,28,28,0,0,1185,
2025-04-24,Samsung45W,Supplier_109,6,386,14,14,0,0,372,
2025-04-24,SanDisk1TB,Supplier_119,6,1013,41,41,0,0,972,
2025-04-24,SennheiserMomentum,Supplier_81,6,922,21,21,0,0,901,
2025-04-24,SonyWH1000XM6,Supplier_72,6,1166,35,35,0,0,1131,
2025-04-24,SonyXperia,Supplier_29,5,513,25,25,0,0,488,
2025-04-24,SoundcoreLiberty,Supplier_89,6,1227,31,31,0,0,1196,
2025-04-24,SpigenCase,Supplier_118,6,768,40,40,0,0,728,
2025-04-24,SteamDeck2,Supplier_130,6,646,23,23,0,0,623,
2025-04-24,SurfacePro10,Supplier_47,6,1218,24,24,0,0,1194,
2025-04-24,XboxSeriesX,Supplier_125,6,1911,46,46,0,0,1865,
2025-04-24,Xiaomi14,Supplier_22,6,1521,36,36,0,0,1485,
2025-04-24,Xiaomi15,Supplier_25,6,1389,29,29,0,0,1360,
2025-04-24,XiaomiBand8,Supplier_105,6,1248,23,23,0,0,1225,
2025-04-24,iPadAir,Supplier_58,6,384,14,14,0,0,370,
2025-04-24,iPadPro,Supplier_55,6,1307,29,29,0,0,1278,
2025-04-24,iPhone15,Supplier_3,6,469,17,17,0,0,452,
2025-04-24,iPhone16,Supplier_4,6,1605,61,61,0,0,1544,
2025-04-25,AcerSwift,Supplier_51,5,947,22,22,0,0,925,
2025-04-25,AirPodsPro3,Supplier_69,5,1398,52,52,0,0,1346,
2025-04-25,AmazonFire,Supplier_67,5,1058,42,42,0,0,1016,
2025-04-25,AnkerPowerBank,Supplier_114,5,509,27,27,0,0,482,
2025-04-25,AppleWatch10,Supplier_95,5,1063,45,45,0,0,1018,
2025-04-25,AppleWatch9,Supplier_91,5,617,14,14,0,0,603,
2025-04-25,AsusZenbook,Supplier_45,5,853,21,21,0,0,832,
2025-04-25,BeatsStudioPro,Supplier_84,5,1026,22,22,0,0,1004,
2025-04-25,BelkinDock,Supplier_116,5,989,25,25,0,0,964,
2025-04-25,BoseQC45,Supplier_75,5,741,19,19,0,0,722,
2025-04-25,DellXPS16,Supplier_38,5,728,17,17,0,0,711,
2025-04-25,EchoShow15,Supplier_140,5,1414,31,31,0,0,1383,
2025-04-25,FitbitCharge7,Supplier_100,5,556,23,23,0,0,533,
2025-04-25,GalaxyS24,Supplier_6,5,1751,41,41,0,0,1710,
2025-04-25,GalaxyS25,Supplier_8,5,786,30,30,0,0,756,
2025-04-25,GalaxyTabS10,Supplier_61,5,447,19,19,0,0,428,
2025-04-25,GalaxyTabS9,Supplier_59,5,1027,23,23,0,0,1004,
2025-04-25,GalaxyWatch7,Supplier_96,5,789,22,22,0,0,767,
2025-04-25,GarminVenu3,Supplier_103,5,406,9,9,0,0,397,
2025-04-25,HPEnvy360,Supplier_40,5,475,17,17,0,0,458,
2025-04-25,JBLFlip7,Supplier_78,5,348,14,14,0,0,334,
2025-04-25,JabraElite,Supplier_85,5,875,19,19,0,0,856,
2025-04-25,LenovoTab,Supplier_65,5,541,13,13,0,0,528,
2025-04-25,LenovoYoga,Supplier_43,5,1179,29,29,0,0,1150,
2025-04-25,LogitechMXKeys,Supplier_111,5,380,20,20,0,0,360,
2025-04-25,MacBookAirM3,Supplier_32,5,1533,35,35,0,0,1498,
2025-04-25,MacBookProM3,Supplier_35,5,736,20,20,0,0,716,
2025-04-25,MagSafeCharger,Supplier_108,5,467,1,1,0,0,466,
2025-04-25,MotorolaRazr,Supplier_27,5,551,24,24,0,0,527,
2025-04-25,NestHub3,Supplier_134,5,918,26,26,0,0,892,
2025-04-25,NintendoSwitch2,Supplier_127,5,447,22,22,0,0,425,
2025-04-25,OnePlus12,Supplier_16,5,1327,37,37,0,0,1290,
2025-04-25,OnePlus13,Supplier_19,5,954,33,33,0,0,921,
2025-04-25,PS5_Slim,Supplier_121,5,2368,72,72,0,0,2296,
2025-04-25,Pixel8,Supplier_10,5,455,18,18,0,0,437,
2025-04-25,Pixel9,Supplier_14,5,2004,42,42,0,0,1962,
2025-04-25,RazerBlade18,Supplier_133,5,1505,30,30,0,0,1475,
2025-04-25,RoborockS8,Supplier_137,5,516,36,36,0,0,480,
2025-04-25,RoombaJ9,Supplier_141,5,1185,28,28,0,0,1157,
2025-04-25,Samsung45W,Supplier_109,5,372,14,14,0,0,358,
2025-04-25,SanDisk1TB,Supplier_119,5,972,41,41,0,0,931,
2025-04-25,SennheiserMomentum,Supplier_81,5,901,21,21,0,0,880,
2025-04-25,SonyWH1000XM6,Supplier_72,5,1131,35,35,0,0,1096,
2025-04-25,SonyXperia,Supplier_29,5,488,25,25,0,0,463,
2025-04-25,SoundcoreLiberty,Supplier_89,5,1196,31,31,0,0,1165,
2025-04-25,SpigenCase,Supplier_118,5,728,39,39,0,0,689,
2025-04-25,SteamDeck2,Supplier_130,5,623,23,23,0,0,600,
2025-04-25,SurfacePro10,Supplier_47,5,1194,24,24,0,0,1170,
2025-04-25,XboxSeriesX,Supplier_125,5,1865,46,46,0,0,1819,
2025-04-25,Xiaomi14,Supplier_22,5,1485,38,38,0,0,1447,
2025-04-25,Xiaomi15,Supplier_25,5,1360,29,29,0,0,1331,
2025-04-25,XiaomiBand8,Supplier_105,5,1225,25,25,0,0,1200,
2025-04-25,iPadAir,Supplier_58,5,370,16,16,0,0,354,
2025-04-25,iPadPro,Supplier_55,5,1278,28,28,0,0,1250,
2025-04-25,iPhone15,Supplier_3,5,452,17,17,0,0,435,
2025-04-25,iPhone16,Supplier_4,5,1544,61,61,0,0,1483,
2025-04-26,AcerSwift,Supplier_51,4,925,23,23,0,0,902,
2025-04-26,AirPodsPro3,Supplier_69,4,1346,52,52,0,0,1294,
2025-04-26,AmazonFire,Supplier_67,4,1016,39,39,0,0,977,
2025-04-26,AnkerPowerBank,Supplier_114,4,482,29,29,0,0,453,
2025-04-26,AppleWatch10,Supplier_95,4,1018,45,45,0,0,973,
2025-04-26,AppleWatch9,Supplier_91,4,603,14,14,0,0,589,
2025-04-26,AsusZenbook,Supplier_45,4,832,21,21,0,0,811,
2025-04-26,BeatsStudioPro,Supplier_84,4,1004,22,22,0,0,982,
2025-04-26,BelkinDock,Supplier_116,4,964,25,25,0,0,939,
2025-04-26,BoseQC45,Supplier_75,4,722,19,19,0,0,703,
2025-04-26,DellXPS16,Supplier_38,4,711,17,17,0,0,694,
2025-04-26,EchoShow15,Supplier_140,4,1383,31,31,0,0,1352,
2025-04-26,FitbitCharge7,Supplier_100,4,533,22,22,0,0,511,
2025-04-26,GalaxyS24,Supplier_6,4,1710,39,39,0,0,1671,
2025-04-26,GalaxyS25,Supplier_8,4,756,28,28,0,0,728,
2025-04-26,GalaxyTabS10,Supplier_61,4,428,19,19,0,0,409,
2025-04-26,GalaxyTabS9,Supplier_59,4,1004,23,23,0,0,981,
2025-04-26,GalaxyWatch7,Supplier_96,4,767,22,22,0,0,745,
2025-04-26,GarminVenu3,Supplier_103,4,397,9,9,0,0,388,
2025-04-26,HPEnvy360,Supplier_40,4,458,18,18,0,0,440,
2025-04-26,JBLFlip7,Supplier_78,4,334,14,14,0,0,320,
2025-04-26,JabraElite,Supplier_85,4,856,19,19,0,0,837,
2025-04-26,LenovoTab,Supplier_65,4,528,13,13,0,0,515,
2025-04-26,LenovoYoga,Supplier_43,4,1150,26,26,0,0,1124,
2025-04-26,LogitechMXKeys,Supplier_111,4,360,20,20,0,0,340,
2025-04-26,MacBookAirM3,Supplier_32,4,1498,35,35,0,0,1463,
2025-04-26,MacBookProM3,Supplier_35,4,716,20,20,0,0,696,
2025-04-26,MagSafeCharger,Supplier_108,4,466,1,1,0,0,465,
2025-04-26,MotorolaRazr,Supplier_27,4,527,24,24,0,0,503,
2025-04-26,NestHub3,Supplier_134,4,892,26,26,0,0,866,
2025-04-26,NintendoSwitch2,Supplier_127,4,425,22,22,0,0,403,
2025-04-26,OnePlus12,Supplier_16,4,1290,37,37,0,0,1253,
2025-04-26,OnePlus13,Supplier_19,4,921,33,33,0,0,888,
2025-04-26,PS5_Slim,Supplier_121,4,2296,72,72,0,0,2224,
2025-04-26,Pixel8,Supplier_10,4,437,18,18,0,0,419,
2025-04-26,Pixel9,Supplier_14,4,1962,42,42,0,0,1920,
2025-04-26,RazerBlade18,Supplier_133,4,1475,30,30,0,0,1445,
2025-04-26,RoborockS8,Supplier_137,4,1728,36,36,0,0,1692,
2025-04-26,RoombaJ9,Supplier_141,4,1157,28,28,0,0,1129,
2025-04-26,Samsung45W,Supplier_109,4,358,14,14,0,0,344,
2025-04-26,SanDisk1TB,Supplier_119,4,931,41,41,0,0,890,
2025-04-26,SennheiserMomentum,Supplier_81,4,880,21,21,0,0,859,
2025-04-26,SonyWH1000XM6,Supplier_72,4,1096,35,35,0,0,1061,
2025-04-26,SonyXperia,Supplier_29,4,463,25,25,0,0,438,
2025-04-26,SoundcoreLiberty,Supplier_89,4,1165,28,28,0,0,1137,
2025-04-26,SpigenCase,Supplier_118,4,689,39,39,0,0,650,
2025-04-26,SteamDeck2,Supplier_130,4,600,23,23,0,0,577,
2025-04-26,SurfacePro10,Supplier_47,4,1170,24,24,0,0,1146,
2025-04-26,XboxSeriesX,Supplier_125,4,1819,46,46,0,0,1773,
2025-04-26,Xiaomi14,Supplier_22,4,1447,38,38,0,0,1409,
2025-04-26,Xiaomi15,Supplier_25,4,1331,29,29,0,0,1302,
2025-04-26,XiaomiBand8,Supplier_105,4,1200,25,25,0,0,1175,
2025-04-26,iPadAir,Supplier_58,4,354,16,16,0,0,338,
2025-04-26,iPadPro,Supplier_55,4,1250,29,29,0,0,1221,
2025-04-26,iPhone15,Supplier_3,4,435,17,17,0,0,418,
2025-04-26,iPhone16,Supplier_4,4,1483,61,61,0,0,1422,
2025-04-27,AcerSwift,Supplier_51,3,902,23,23,0,0,879,
2025-04-27,AirPodsPro3,Supplier_69,3,1294,52,52,0,0,1242,
2025-04-27,AmazonFire,Supplier_67,3,977,39,39,0,0,938,
2025-04-27,AnkerPowerBank,Supplier_114,3,453,29,29,0,0,424,
2025-04-27,AppleWatch10,Supplier_95,3,2005,45,45,0,0,1960,
2025-04-27,AppleWatch9,Supplier_91,3,589,14,14,0,0,575,
2025-04-27,AsusZenbook,Supplier_45,3,811,21,21,0,0,790,
2025-04-27,BeatsStudioPro,Supplier_84,3,982,22,22,0,0,960,
2025-04-27,BelkinDock,Supplier_116,3,939,25,25,0,0,914,
2025-04-27,BoseQC45,Supplier_75,3,703,19,19,0,0,684,
2025-04-27,DellXPS16,Supplier_38,3,694,17,17,0,0,677,
2025-04-27,EchoShow15,Supplier_140,3,1352,31,31,0,0,1321,
2025-04-27,FitbitCharge7,Supplier_100,3,511,22,22,0,0,489,
2025-04-27,GalaxyS24,Supplier_6,3,1671,41,41,0,0,1630,
2025-04-27,GalaxyS25,Supplier_8,3,728,28,28,0,0,700,
2025-04-27,GalaxyTabS10,Supplier_61,3,841,19,19,0,0,822,
2025-04-27,GalaxyTabS9,Supplier_59,3,981,23,23,0,0,958,
2025-04-27,GalaxyWatch7,Supplier_96,3,745,22,22,0,0,723,
2025-04-27,GarminVenu3,Supplier_103,3,388,9,9,0,0,379,
2025-04-27,HPEnvy360,Supplier_40,3,440,18,18,0,0,422,
2025-04-27,JBLFlip7,Supplier_78,3,320,14,14,0,0,306,
2025-04-27,JabraElite,Supplier_85,3,837,19,19,0,0,818,
2025-04-27,LenovoTab,Supplier_65,3,515,13,13,0,0,502,
2025-04-27,LenovoYoga,Supplier_43,3,1124,26,26,0,0,1098,
2025-04-27,LogitechMXKeys,Supplier_111,3,340,20,20,0,0,320,
2025-04-27,MacBookAirM3,Supplier_32,3,1463,35,35,0,0,1428,
2025-04-27,MacBookProM3,Supplier_35,3,696,20,20,0,0,676,
2025-04-27,MagSafeCharger,Supplier_108,3,465,1,1,0,0,464,
2025-04-27,MotorolaRazr,Supplier_27,3,503,24,24,0,0,479,
2025-04-27,NestHub3,Supplier_134,3,866,26,26,0,0,840,
2025-04-27,NintendoSwitch2,Supplier_127,3,403,22,22,0,0,381,
2025-04-27,OnePlus12,Supplier_16,3,1253,37,37,0,0,1216,
2025-04-27,OnePlus13,Supplier_19,3,888,31,31,0,0,857,
2025-04-27,PS5_Slim,Supplier_121,3,2224,72,72,0,0,2152,
2025-04-27,Pixel8,Supplier_10,3,843,18,18,0,0,825,
2025-04-27,Pixel9,Supplier_14,3,1920,42,42,0,0,1878,
2025-04-27,RazerBlade18,Supplier_133,3,1445,30,30,0,0,1415,
2025-04-27,RoborockS8,Supplier_137,3,1692,36,36,0,0,1656,
2025-04-27,RoombaJ9,Supplier_141,3,1129,28,28,0,0,1101,
2025-04-27,Samsung45W,Supplier_109,3,344,14,14,0,0,330,
2025-04-27,SanDisk1TB,Supplier_119,3,1816,41,41,0,0,1775,
2025-04-27,SennheiserMomentum,Supplier_81,3,859,21,21,0,0,838,
2025-04-27,SonyWH1000XM6,Supplier_72,3,1061,35,35,0,0,1026,
2025-04-27,SonyXperia,Supplier_29,3,438,25,25,0,0,413,
2025-04-27,SoundcoreLiberty,Supplier_89,3,1137,28,28,0,0,1109,
2025-04-27,SpigenCase,Supplier_118,3,650,40,40,0,0,610,
2025-04-27,SteamDeck2,Supplier_130,3,577,23,23,0,0,554,
2025-04-27,SurfacePro10,Supplier_47,3,1146,24,24,0,0,1122,
2025-04-27,XboxSeriesX,Supplier_125,3,1773,46,46,0,0,1727,
2025-04-27,Xiaomi14,Supplier_22,3,1409,38,38,0,0,1371,
2025-04-27,Xiaomi15,Supplier_25,3,1302,29,29,0,0,1273,
2025-04-27,XiaomiBand8,Supplier_105,3,1175,25,25,0,0,1150,
2025-04-27,iPadAir,Supplier_58,3,692,16,16,0,0,676,
2025-04-27,iPadPro,Supplier_55,3,1221,29,29,0,0,1192,
2025-04-27,iPhone15,Supplier_3,3,418,16,16,0,0,402,
2025-04-27,iPhone16,Supplier_4,3,1422,61,61,0,0,1361,
2025-04-28,AcerSwift,Supplier_51,2,879,23,23,0,0,856,
2025-04-28,AirPodsPro3,Supplier_69,2,1242,52,52,0,0,1190,
2025-04-28,AmazonFire,Supplier_67,2,938,42,42,0,0,896,
2025-04-28,AnkerPowerBank,Supplier_114,2,424,27,27,0,0,397,
2025-04-28,AppleWatch10,Supplier_95,2,1960,45,45,0,0,1915,
2025-04-28,AppleWatch9,Supplier_91,2,575,14,14,0,0,561,
2025-04-28,AsusZenbook,Supplier_45,2,790,21,21,0,0,769,
2025-04-28,BeatsStudioPro,Supplier_84,2,960,22,22,0,0,938,
2025-04-28,BelkinDock,Supplier_116,2,914,25,25,0,0,889,
2025-04-28,BoseQC45,Supplier_75,2,684,19,19,0,0,665,
2025-04-28,DellXPS16,Supplier_38,2,677,17,17,0,0,660,
2025-04-28,EchoShow15,Supplier_140,2,1321,31,31,0,0,1290,
2025-04-28,FitbitCharge7,Supplier_100,2,489,23,23,0,0,466,
2025-04-28,GalaxyS24,Supplier_6,2,1630,41,41,0,0,1589,
2025-04-28,GalaxyS25,Supplier_8,2,700,28,28,0,0,672,
2025-04-28,GalaxyTabS10,Supplier_61,2,822,19,19,0,0,803,
2025-04-28,GalaxyTabS9,Supplier_59,2,958,23,23,0,0,935,
2025-04-28,GalaxyWatch7,Supplier_96,2,723,22,22,0,0,701,
2025-04-28,GarminVenu3,Supplier_103,2,379,9,9,0,0,370,
2025-04-28,HPEnvy360,Supplier_40,2,422,17,17,0,0,405,
2025-04-28,JBLFlip7,Supplier_78,2,306,14,14,0,0,292,
2025-04-28,JabraElite,Supplier_85,2,818,19,19,0,0,799,
2025-04-28,LenovoTab,Supplier_65,2,502,13,13,0,0,489,
2025-04-28,LenovoYoga,Supplier_43,2,1098,29,29,0,0,1069,
2025-04-28,LogitechMXKeys,Supplier_111,2,320,20,20,0,0,300,
2025-04-28,MacBookAirM3,Supplier_32,2,1428,35,35,0,0,1393,
2025-04-28,MacBookProM3,Supplier_35,2,676,19,19,0,0,657,
2025-04-28,MagSafeCharger,Supplier_108,2,464,1,1,0,0,463,
2025-04-28,MotorolaRazr,Supplier_27,2,479,24,24,0,0,455,
2025-04-28,NestHub3,Supplier_134,2,840,26,26,0,0,814,
2025-04-28,NintendoSwitch2,Supplier_127,2,381,22,22,0,0,359,
2025-04-28,OnePlus12,Supplier_16,2,1216,37,37,0,0,1179,
2025-04-28,OnePlus13,Supplier_19,2,857,31,31,0,0,826,
2025-04-28,PS5_Slim,Supplier_121,2,2152,72,72,0,0,2080,
2025-04-28,Pixel8,Supplier_10,2,825,18,18,0,0,807,
2025-04-28,Pixel9,Supplier_14,2,1878,42,42,0,0,1836,
2025-04-28,RazerBlade18,Supplier_133,2,1415,30,30,0,0,1385,
2025-04-28,RoborockS8,Supplier_137,2,1656,36,36,0,0,1620,
2025-04-28,RoombaJ9,Supplier_141,2,1101,28,28,0,0,1073,
2025-04-28,Samsung45W,Supplier_109,2,330,14,14,0,0,316,
2025-04-28,SanDisk1TB,Supplier_119,2,1775,41,41,0,0,1734,
2025-04-28,SennheiserMomentum,Supplier_81,2,838,21,21,0,0,817,
2025-04-28,SonyWH1000XM6,Supplier_72,2,1026,35,35,0,0,991,
2025-04-28,SonyXperia,Supplier_29,2,413,25,25,0,0,388,
2025-04-28,SoundcoreLiberty,Supplier_89,2,1109,31,31,0,0,1078,
2025-04-28,SpigenCase,Supplier_118,2,610,39,39,0,0,571,
2025-04-28,SteamDeck2,Supplier_130,2,554,23,23,0,0,531,
2025-04-28,SurfacePro10,Supplier_47,2,1122,24,24,0,0,1098,
2025-04-28,XboxSeriesX,Supplier_125,2,1727,46,46,0,0,1681,
2025-04-28,Xiaomi14,Supplier_22,2,1371,38,38,0,0,1333,
2025-04-28,Xiaomi15,Supplier_25,2,1273,29,29,0,0,1244,
2025-04-28,XiaomiBand8,Supplier_105,2,1150,25,25,0,0,1125,
2025-04-28,iPadAir,Supplier_58,2,676,16,16,0,0,660,
2025-04-28,iPadPro,Supplier_55,2,1192,29,29,0,0,1163,
2025-04-28,iPhone15,Supplier_3,2,402,17,17,0,0,385,
2025-04-28,iPhone16,Supplier_4,2,1361,61,61,0,0,1300,
2025-04-29,AcerSwift,Supplier_51,1,856,23,23,0,0,833,
2025-04-29,AirPodsPro3,Supplier_69,1,1190,52,52,0,0,1138,
2025-04-29,AmazonFire,Supplier_67,1,1875,42,42,0,0,1833,
2025-04-29,AnkerPowerBank,Supplier_114,1,1494,29,29,0,0,1465,
2025-04-29,AppleWatch10,Supplier_95,1,1915,45,45,0,0,1870,
2025-04-29,AppleWatch9,Supplier_91,1,561,14,14,0,0,547,
2025-04-29,AsusZenbook,Supplier_45,1,769,21,21,0,0,748,
2025-04-29,BeatsStudioPro,Supplier_84,1,938,22,22,0,0,916,
2025-04-29,BelkinDock,Supplier_116,1,889,25,25,0,0,864,
2025-04-29,BoseQC45,Supplier_75,1,665,19,19,0,0,646,
2025-04-29,DellXPS16,Supplier_38,1,660,17,17,0,0,643,
2025-04-29,EchoShow15,Supplier_140,1,1290,31,31,0,0,1259,
2025-04-29,FitbitCharge7,Supplier_100,1,466,23,23,0,0,443,
2025-04-29,GalaxyS24,Supplier_6,1,1589,39,39,0,0,1550,
2025-04-29,GalaxyS25,Supplier_8,1,672,28,28,0,0,644,
2025-04-29,GalaxyTabS10,Supplier_61,1,803,19,19,0,0,784,
2025-04-29,GalaxyTabS9,Supplier_59,1,935,23,23,0,0,912,
2025-04-29,GalaxyWatch7,Supplier_96,1,701,22,22,0,0,679,
2025-04-29,GarminVenu3,Supplier_103,1,370,9,9,0,0,361,
2025-04-29,HPEnvy360,Supplier_40,1,405,18,18,0,0,387,
2025-04-29,JBLFlip7,Supplier_78,1,292,14,14,0,0,278,
2025-04-29,JabraElite,Supplier_85,1,799,19,19,0,0,780,
2025-04-29,LenovoTab,Supplier_65,1,489,13,13,0,0,476,
2025-04-29,LenovoYoga,Supplier_43,1,1069,29,29,0,0,1040,
2025-04-29,LogitechMXKeys,Supplier_111,1,300,20,20,0,0,280,
2025-04-29,MacBookAirM3,Supplier_32,1,1393,35,35,0,0,1358,
2025-04-29,MacBookProM3,Supplier_35,1,657,20,20,0,0,637,
2025-04-29,MagSafeCharger,Supplier_108,1,463,1,1,0,0,462,
2025-04-29,MotorolaRazr,Supplier_27,1,455,24,24,0,0,431,
2025-04-29,NestHub3,Supplier_134,1,814,26,26,0,0,788,
2025-04-29,NintendoSwitch2,Supplier_127,1,359,22,22,0,0,337,
2025-04-29,OnePlus12,Supplier_16,1,1179,37,37,0,0,1142,
2025-04-29,OnePlus13,Supplier_19,1,826,33,33,0,0,793,
2025-04-29,PS5_Slim,Supplier_121,1,2080,72,72,0,0,2008,
2025-04-29,Pixel8,Supplier_10,1,807,18,18,0,0,789,
2025-04-29,Pixel9,Supplier_14,1,1836,42,42,0,0,1794,
2025-04-29,RazerBlade18,Supplier_133,1,1385,30,30,0,0,1355,
2025-04-29,RoborockS8,Supplier_137,1,1620,36,36,0,0,1584,
2025-04-29,RoombaJ9,Supplier_141,1,1073,28,28,0,0,1045,
2025-04-29,Samsung45W,Supplier_109,1,655,14,14,0,0,641,
2025-04-29,SanDisk1TB,Supplier_119,1,1734,41,41,0,0,1693,
2025-04-29,SennheiserMomentum,Supplier_81,1,817,21,21,0,0,796,
2025-04-29,SonyWH1000XM6,Supplier_72,1,991,35,35,0,0,956,
2025-04-29,SonyXperia,Supplier_29,1,388,25,25,0,0,363,
2025-04-29,SoundcoreLiberty,Supplier_89,1,1078,31,31,0,0,1047,
2025-04-29,SpigenCase,Supplier_118,1,2121,39,39,0,0,2082,
2025-04-29,SteamDeck2,Supplier_130,1,531,23,23,0,0,508,
2025-04-29,SurfacePro10,Supplier_47,1,1098,24,24,0,0,1074,
2025-04-29,XboxSeriesX,Supplier_125,1,1681,46,46,0,0,1635,
2025-04-29,Xiaomi14,Supplier_22,1,1333,38,38,0,0,1295,
2025-04-29,Xiaomi15,Supplier_25,1,1244,29,29,0,0,1215,
2025-04-29,XiaomiBand8,Supplier_105,1,1125,25,25,0,0,1100,
2025-04-29,iPadAir,Supplier_58,1,660,16,16,0,0,644,
2025-04-29,iPadPro,Supplier_55,1,1163,29,29,0,0,1134,
2025-04-29,iPhone15,Supplier_3,1,794,17,17,0,0,777,
2025-04-29,iPhone16,Supplier_4,1,1300,61,61,0,0,1239,
2025-04-30,AcerSwift,Supplier_51,0,833,0,0,0,0,833,
2025-04-30,AirPodsPro3,Supplier_69,0,1138,0,0,0,0,1138,
2025-04-30,AmazonFire,Supplier_67,0,1833,0,0,0,0,1833,
2025-04-30,AnkerPowerBank,Supplier_114,0,1465,0,0,0,0,1465,
2025-04-30,AppleWatch10,Supplier_95,0,1870,0,0,0,0,1870,
2025-04-30,AppleWatch9,Supplier_91,0,1434,0,0,0,0,1434,
2025-04-30,AsusZenbook,Supplier_45,0,748,0,0,0,0,748,
2025-04-30,BeatsStudioPro,Supplier_84,0,916,0,0,0,0,916,
2025-04-30,BelkinDock,Supplier_116,0,864,0,0,0,0,864,
2025-04-30,BoseQC45,Supplier_75,0,646,0,0,0,0,646,
2025-04-30,DellXPS16,Supplier_38,0,643,0,0,0,0,643,
2025-04-30,EchoShow15,Supplier_140,0,3211,0,0,0,0,3211,
2025-04-30,FitbitCharge7,Supplier_100,0,1454,0,0,0,0,1454,
2025-04-30,GalaxyS24,Supplier_6,0,1550,39,39,0,0,1511,
2025-04-30,GalaxyS25,Supplier_8,0,1991,28,28,0,0,1963,
2025-04-30,GalaxyTabS10,Supplier_61,0,784,0,0,0,0,784,
2025-04-30,GalaxyTabS9,Supplier_59,0,2348,0,0,0,0,2348,
2025-04-30,GalaxyWatch7,Supplier_96,0,679,0,0,0,0,679,
2025-04-30,GarminVenu3,Supplier_103,0,361,0,0,0,0,361,
2025-04-30,HPEnvy360,Supplier_40,0,387,0,0,0,0,387,
2025-04-30,JBLFlip7,Supplier_78,0,278,0,0,0,0,278,
2025-04-30,JabraElite,Supplier_85,0,780,0,0,0,0,780,
2025-04-30,LenovoTab,Supplier_65,0,476,0,0,0,0,476,
2025-04-30,LenovoYoga,Supplier_43,0,1040,0,0,0,0,1040,
2025-04-30,LogitechMXKeys,Supplier_111,0,1068,0,0,0,0,1068,
2025-04-30,MacBookAirM3,Supplier_32,0,1358,0,0,0,0,1358,
2025-04-30,MacBookProM3,Supplier_35,0,637,0,0,0,0,637,
2025-04-30,MagSafeCharger,Supplier_108,0,462,0,0,0,0,462,
2025-04-30,MotorolaRazr,Supplier_27,0,431,0,0,0,0,431,
2025-04-30,NestHub3,Supplier_134,0,2208,0,0,0,0,2208,
2025-04-30,NintendoSwitch2,Supplier_127,0,1257,0,0,0,0,1257,
2025-04-30,OnePlus12,Supplier_16,0,1142,0,0,0,0,1142,
2025-04-30,OnePlus13,Supplier_19,0,2360,0,0,0,0,2360,
2025-04-30,PS5_Slim,Supplier_121,0,2008,0,0,0,0,2008,
2025-04-30,Pixel8,Supplier_10,0,789,18,18,0,0,771,
2025-04-30,Pixel9,Supplier_14,0,4555,36,36,0,0,4519,
2025-04-30,RazerBlade18,Supplier_133,0,3391,0,0,0,0,3391,
2025-04-30,RoborockS8,Supplier_137,0,1584,0,0,0,0,1584,
2025-04-30,RoombaJ9,Supplier_141,0,2747,0,0,0,0,2747,
2025-04-30,Samsung45W,Supplier_109,0,641,0,0,0,0,641,
2025-04-30,SanDisk1TB,Supplier_119,0,1693,0,0,0,0,1693,
2025-04-30,SennheiserMomentum,Supplier_81,0,796,0,0,0,0,796,
2025-04-30,SonyWH1000XM6,Supplier_72,0,956,0,0,0,0,956,
2025-04-30,SonyXperia,Supplier_29,0,363,0,0,0,0,363,
2025-04-30,SoundcoreLiberty,Supplier_89,0,1047,0,0,0,0,1047,
2025-04-30,SpigenCase,Supplier_118,0,2082,0,0,0,0,2082,
2025-04-30,SteamDeck2,Supplier_130,0,1070,0,0,0,0,1070,
2025-04-30,SurfacePro10,Supplier_47,0,2696,0,0,0,0,2696,
2025-04-30,XboxSeriesX,Supplier_125,0,1635,0,0,0,0,1635,
2025-04-30,Xiaomi14,Supplier_22,0,1295,0,0,0,0,1295,
2025-04-30,Xiaomi15,Supplier_25,0,1215,0,0,0,0,1215,
2025-04-30,XiaomiBand8,Supplier_105,0,2761,0,0,0,0,2761,
2025-04-30,iPadAir,Supplier_58,0,644,0,0,0,0,644,
2025-04-30,iPadPro,Supplier_55,0,1134,0,0,0,0,1134,
2025-04-30,iPhone15,Supplier_3,0,777,17,17,0,0,760,
2025-04-30,iPhone16,Supplier_4,0,1239,61,61,0,0,1178,
